menu_start_game_0|欢 迎 来 到 《 云 川 》 。 神 洲 六 域 宗 门 林 立 ， 灵 气 有 盛 衰 ， 机 缘 与 劫 难 并 行 。 你 将 从 一 名 小 修 士 开 始 ， 踏 上 修 仙 问 道 之 路 。
mno_continue|出 发 （ 继 续 ）
mno_go_back|返 回 上 一 步
menu_start_phase_2|选 择 你 的 出 身 地 域 。 不 同 地 域 会 影 响 初 始 关 系 与 附 近 势 力 。
mno_town_1|紫 霄 中 州 — — 太 清 盟 九 宗 所 在 ， 灵 气 最 为 浓 郁 ， 宗 门 林 立 ， 机 缘 与 风 险 并 存 。
mno_town_2|人 皇 九 州 — — 大 乾 皇 都 附 近 ， 香 火 气 运 充 沛 ， 凡 俗 繁 华 ， 修 士 与 凡 人 混 居 交 织 。
mno_town_3|东 溟 海 域 — — 蓬 莱 屿 外 海 ， 万 宝 楼 散 修 聚 集 地 ， 海 族 出 没 ， 奇 珍 灵 材 贸 易 繁 盛 。
mno_town_4|北 玄 北 原 — — 苦 寒 之 地 ， 天 魔 窟 势 力 边 缘 ， 极 阴 灵 气 ， 险 象 环 生 ， 适 合 特 殊 功 法 修 炼 。
mno_town_5|南 荒 南 疆 — — 密 林 火 山 ， 万 妖 山 脉 边 缘 ， 妖 族 出 没 ， 灵 植 丰 富 ， 体 修 与 猎 修 的 天 堂 。
mno_town_6|西 陲 古 域 — — 黄 沙 戈 壁 ， 上 古 遗 迹 遍 布 ， 灵 气 稀 薄 却 孕 育 奇 珍 ， 是 探 险 者 的 乐 土 。
menu_start_game_3|《 云 川 》 修 仙 世 界 已 就 绪 。 选 择 游 戏 模 式 ， 踏 入 神 洲 大 陆 。
menu_tutorial|你 进 入 了 训 练 场 ， 不 少 当 地 人 都 在 里 面 进 行 着 武 器 的 训 练 。 在 这 里 你 可 以 通 过 各 种 训 练 来 提 高 你 的 战 斗 技 巧 。
mno_go_back_dot|返 回 。
menu_reports|角 色 声 望 ： {reg5} ^ 荣 誉 级 别 ： {reg6} ^ 部 队 士 气 ： {reg8} ^ 部 队 上 限 ： {reg7} ^
mno_view_character_report|角 色 状 态 。
mno_view_party_size_report|部 队 上 限 。
mno_view_npc_mission_report|任 务 简 报 。
mno_view_weekly_budget_report|部 队 收 支 。
mno_view_morale_report|部 队 士 气 。
mno_lord_relations|按 照 关 系 查 看 已 认 识 的 领 主 。
mno_courtship_relations|个 人 问 题 。
mno_view_faction_relations_report|阵 营 关 系 。
mno_resume_travelling|继 续 游 历 神 洲 。
menu_custom_battle_scene|(NO TRANS)
menu_custom_battle_end|战 斗 结 束 。 {s1} 你 的 队 伍 杀 死 了 {reg5} 人 ， 敌 人 的 队 伍 杀 死 了 {reg6} 人 。 你 杀 死 了 {reg7} 人 。
menu_start_game_1|请 选 择 性 别 。 修 仙 之 路 不 问 男 女 ， 只 看 境 界 与 道 心 。
mno_start_male|男 修
mno_start_female|女 修
menu_start_character_1|你 的 修 炼 出 身 是 ？ 出 身 决 定 了 你 最 初 的 根 骨 与 机 缘 ， 却 不 能 决 定 你 的 大 道 终 点 。
mno_start_noble|宗 门 弟 子 — — 生 于 太 清 盟 麾 下 小 宗 ， 自 幼 习 练 基 础 功 法 ， 灵 根 尚 算 中 等 。
mno_start_merchant|坊 市 商 贾 之 后 — — 父 母 经 营 坊 市 ， 见 多 识 广 ， 以 灵 石 为 纽 带 游 走 各 势 力 间 。
mno_start_guard|散 修 子 弟 — — 父 母 皆 为 无 门 无 派 的 散 修 ， 闯 荡 江 湖 ， 以 命 换 命 。
mno_start_forester|南 荒 猎 人 之 后 — — 南 荒 密 林 边 缘 长 大 ， 以 猎 妖 兽 为 生 ， 擅 长 野 外 求 存 。
mno_start_nomad|人 皇 庭 贵 族 旁 系 — — 凡 人 帝 国 的 旁 系 贵 族 ， 香 火 气 运 充 沛 ， 灵 根 觉 醒 于 皇 庭 神 祠 。
mno_start_thief|魔 道 边 缘 人 — — 幼 年 生 于 天 魔 窟 势 力 范 围 ， 魔 气 污 染 ， 因 果 业 障 天 生 偏 重 。
menu_start_character_2|{s10} ^^ 你 的 早 年 修 炼 经 历 是 ？
mno_page|随 师 学 艺 — — 在 宗 门 护 法 长 老 或 散 修 前 辈 门 下 随 侍 ， 打 熬 根 基 ， 习 得 正 统 心 法 。
mno_apprentice|坊 市 帮 工 — — 在 灵 材 坊 市 中 打 工 ， 识 别 各 类 灵 材 药 草 ， 兼 习 一 门 炼 丹 初 阶 知 识 。
mno_stockboy|游 历 商 队 — — 随 坊 市 商 队 跑 遍 神 洲 各 域 ， 见 识 了 六 域 风 土 ， 积 累 了 人 脉 与 见 识 。
mno_urchin|流 浪 散 修 — — 无 人 管 教 ， 自 学 自 悟 ， 在 江 湖 摸 爬 滚 打 中 野 路 子 开 窍 。
mno_nomad|随 军 历 练 — — 跟 随 人 皇 庭 或 某 宗 门 的 护 法 队 ， 参 与 过 清 剿 妖 兽 或 剿 魔 的 实 战 行 动 。
menu_start_character_3|{s11} ^^ 踏 入 修 炼 界 前 夕 ， 你 经 历 了 一 段 决 定 性 的 际 遇 — —
mno_squire|立 志 入 宗 — — 发 誓 要 拜 入 太 清 盟 九 大 宗 门 之 一 ， 苦 练 武 道 ， 终 于 获 得 了 入 门 资 格 考 核 机 会 。
mno_lady|机 缘 奇 遇 — — 在 一 处 偏 僻 遗 迹 中 偶 得 一 枚 残 破 传 承 玉 简 ， 窥 见 了 功 法 的 皮 毛 ， 由 此 走 上 修 炼 之 路 。
mno_troubadour|大 劫 余 生 — — 遭 遇 魔 修 袭 杀 ， 侥 幸 逃 脱 ， 但 目 睹 了 实 力 差 距 ， 从 此 痛 定 思 痛 ， 决 心 走 上 修 炼 之 路 。
mno_student|宗 门 藏 经 阁 助 理 — — 在 某 宗 门 藏 经 阁 打 杂 多 年 ， 博 览 孤 本 功 法 ， 虽 无 师 承 ， 却 知 识 广 博 。
mno_peddler|坊 市 走 私 — — 倒 卖 灵 材 与 禁 制 丹 药 ， 积 累 了 第 一 桶 金 ， 也 学 会 了 在 夹 缝 中 求 存 的 智 慧 。
mno_craftsman|炼 器 学 徒 — — 在 器 修 铺 子 里 学 习 基 础 炼 器 之 术 ， 虽 未 入 门 ， 却 对 法 器 有 了 直 观 认 识 。
mno_poacher|山 野 猎 妖 — — 在 无 宗 门 势 力 的 灰 色 地 带 独 力 猎 杀 妖 兽 ， 以 妖 丹 换 取 修 炼 资 源 。
menu_start_character_4|{s12} ^^ 不 过 在 一 段 时 间 以 后 ， 一 切 都 发 生 了 变 化 。 ^^ 你 决 定 孤 身 一 人 去 远 方 冒 险 。 ^^ 让 你 做 出 这 个 举 动 的 原 因 是 … …
mno_revenge|私 人 恩 怨 。
mno_death|失 去 恋 人 的 痛 苦 。
mno_wanderlust|对 于 探 险 的 爱 好 。
mno_disown|从 家 中 被 驱 赶 了 出 来 。
mno_greed|对 于 权 力 与 财 富 的 渴 望 。
menu_choose_skill|{s13}
mno_begin_adventuring|设 定 完 毕 ， 你 拜 入 青 云 宗 ， 从 炼 气 小 修 开 始 踏 上 神 洲 修 行 路 。
menu_past_life_explanation|{s3}
mno_view_next|{s5}
menu_morale_report|{s1}
menu_courtship_relations|{s1}
menu_lord_relations|{s1}
menu_companion_report|{s7}{s1}
menu_character_report|{s9}
menu_party_size_report|{s1}
menu_faction_relations_report|{s1}
menu_camp|你 驻 扎 于 此 ， 营 地 已 建 好 。 作 为 一 名 修 士 ， 你 可 以 在 此 闭 关 修 炼 ， 也 可 以 召 集 众 人 商 议 前 路 。
mno_camp_action|修 炼 与 事 务 。
mno_camp_wait_here|在 此 调 息 等 待 。
mno_camp_cheat|作 弊 啦 ！
menu_camp_cheat|选 择 作 弊 项 目 ：
mno_camp_cheat_find_item|查 找 一 件 物 品 … …
menu_camp_action|选 择 你 要 做 的 事 ：
mno_camp_recruit_prisoners|从 俘 虏 中 募 兵 。
mno_action_read_book|选 一 本 书 读 。
mno_action_rename_kingdom|重 命 名 你 的 王 国
mno_action_retire|从 冒 险 中 退 出 。
mno_camp_action_4|退 回 营 地 菜 单 。
menu_camp_recruit_prisoners|你 答 应 这 些 俘 虏 ， 如 果 他 们 加 入 你 的 话 ， 你 就 给 他 们 以 自 由 。 {s18}
mno_camp_recruit_prisoners_accept|接 受 。
mno_camp_recruit_prisoners_reject|拒 绝 。
menu_camp_no_prisoners|你 没 有 俘 虏 可 以 招 募 。
menu_camp_action_read_book|选 一 本 书 读 ：
mno_action_read_book_1|{s1} 。
mno_action_read_book_2|{s1} 。
mno_action_read_book_3|{s1} 。
mno_action_read_book_4|{s1} 。
mno_action_read_book_5|{s1} 。
mno_action_read_book_6|{s1} 。
mno_action_read_book_7|{s1} 。
menu_camp_action_read_book_start|{s1}
menu_retirement_verify|你 现 在 的 时 间 是 {reg0} 天 。 运 气 是 {reg1} 。 你 确 实 想 要 从 这 场 冒 险 中 退 出 吗 ？
mno_retire_yes|是 的 。
mno_retire_no|不 。
menu_end_game|去 意 已 决 ， 你 决 定 放 弃 冒 险 者 的 生 活 ， 并 定 居 下 来 。 你 卖 掉 了 所 有 的 武 器 与 护 甲 ， 收 拾 起 行 囊 ， 策 马 奔 向 夕 阳 的 余 辉 之 中 … …
mno_end_game_bye|再 会 。
menu_cattle_herd|你 遇 到 了 一 群 牛 。
mno_cattle_drive_away|赶 走 他 们 。
mno_cattle_stop|把 他 们 带 到 一 个 休 息 点 。
mno_cattle_kill|屠 宰 其 中 的 一 些 。
mno_leave|离 开
menu_cattle_herd_kill|你 想 屠 宰 几 头 ？
mno_cattle_kill_1|一 。
mno_cattle_kill_2|二 。
mno_cattle_kill_3|三 。
mno_cattle_kill_4|四 。
mno_cattle_kill_5|五 。
menu_arena_duel_fight|你 和 你 的 对 手 准 备 决 斗 。
menu_simple_encounter|{s2} 你 将 以 {reg10} 人 的 部 队 迎 战 对 手 {reg11} 人 。
mno_encounter_attack|攻 入 敌 阵 ！
mno_encounter_order_attack|坐 镇 指 挥 ， 让 你 的 部 队 攻 击 。
mno_encounter_leave|离 开 。
mno_encounter_retreat|以 留 下 少 量 部 队 掩 护 为 代 价 撤 退 。
mno_encounter_surrender|投 降 。
menu_encounter_retreat_confirm|队 员 中 最 高 战 术 技 能 为 {reg2} 级 ， 因 此 {reg3?你 制 定 :{s3} 制 定 } 了 一 个 计 划 ， 来 让 你 和 你 大 部 分 的 部 队 可 以 活 着 退 出 战 斗 ， 但 是 你 必 须 牺 牲 {reg4} 个 战 士 来 进 行 掩 护 。
mno_leave_behind|实 行 计 划 。 以 牺 牲 掉 那 些 人 的 代 价 拯 救 剩 下 的 部 队 。
mno_dont_leave_behind|不 ， 我 们 不 会 牺 牲 任 何 一 个 战 友 。
menu_encounter_retreat|你 命 令 {reg4} 名 战 士 负 责 在 大 部 队 撤 退 的 时 候 拖 住 敌 人 前 进 的 步 伐 。
menu_order_attack_begin|你 的 部 队 已 经 做 好 了 战 斗 准 备 。
mno_order_attack_begin|下 令 攻 击 。
mno_call_back|后 撤 。
menu_order_attack_2|{s4} ^^ 我 军 人 员 伤 亡 ： {s8} ^^ 敌 军 人 员 伤 亡 ： {s9}
mno_order_attack_continue|继 续 攻 击 。
mno_order_retreat|让 你 的 士 兵 撤 回 来 。
menu_battle_debrief|{s11} 伤 亡 ： ^^ 我 军 伤 亡 ： {s8} {s10} ^^ 敌 军 伤 亡 ： {s9}
menu_total_victory|你 不 该 看 这 个 … … {s9}
menu_enemy_slipped_away|{s17}
menu_permanent_damage|{s0}
mno_s0|{s0}
menu_pre_join|你 遇 到 {s2} 正 在 攻 击 {s1} ， 你 决 定 … …
mno_pre_join_help_attackers|对 {s2} 施 以 援 手 。
mno_pre_join_help_defenders|对 {s1} 施 以 援 手 。
mno_pre_join_leave|不 卷 入 纷 争 。
menu_join_battle|你 决 定 帮 助 {s2} 对 抗 {s1} ， 你 将 有 {reg10} 名 士 兵 参 加 战 斗 对 抗 {reg11} 个 敌 人 。
mno_join_attack|攻 入 敌 阵 ！
mno_join_order_attack|仅 仅 让 你 的 士 兵 加 入 你 的 盟 友 。
mno_join_leave|离 开 。
menu_join_order_attack|{s4} ^^ 我 军 伤 亡 ： {s8} ^^ 盟 军 伤 亡 ： {s9} ^^ 敌 军 伤 亡 ： {s10}
menu_zendar|你 来 到 一 处 中 立 坊 市 。
mno_zendar_enter|前 往 坊 间 。
mno_zendar_enter_door|前 往 坊 间 。
mno_zendar_tavern|前 往 仙 客 居 。
mno_zendar_tavern_door|进 入 仙 客 居 。
mno_zendar_merchant|前 往 万 宝 阁 。
mno_zendar_merchant_door|进 入 万 宝 阁 。
mno_zendar_arena|前 往 问 道 台 。
mno_zendar_arena_door|进 入 问 道 台 。
mno_town_1_leave|【 进 入 】
menu_salt_mine|你 进 入 了 盐 矿 。
mno_enter|进 入
menu_four_ways_inn|你 进 入 了 四 方 客 栈 。
menu_test_scene|你 进 入 了 测 试 场 景 。
menu_dhorak_keep|你 进 入 了 多 拉 克 要 塞 。
menu_join_siege_outside|{s1} 正 被 {s2} 围 攻 。
mno_approach_besiegers|进 入 围 城 营 地 。
mno_pass_through_siege|穿 过 围 城 进 入 {s1} 。
menu_cut_siege_without_fight|围 城 方 放 你 进 入 了 城 堡 。
menu_besiegers_camp_with_allies|{s1} 依 然 被 围 困 中 ， 你 和 你 的 部 队 在 上 空 飞 扬 着 {s2} 的 旗 帜 的 围 城 营 地 那 里 被 热 烈 的 欢 迎 了 。
mno_talk_to_siege_commander|要 求 和 指 挥 官 会 面 。
mno_join_siege_with_allies|加 入 下 一 轮 的 攻 城 。
mno_join_siege_stay_back|坐 镇 指 挥 ， 让 你 的 部 队 协 助 下 一 轮 的 攻 城 。
menu_castle_outside|你 在 {s2} 的 外 面 。 {s11} {s3} {s4}
mno_approach_gates|走 近 城 门 ， 叫 守 卫 出 来 。
mno_town_sneak|伪 装 ， 偷 偷 溜 进 {s7} 里 去 。
mno_castle_start_siege|围 攻 {reg6?城 镇 :城 堡 }
mno_castle_leave|离 开 。
menu_castle_guard|你 走 近 了 城 门 。 城 墙 上 的 守 卫 正 紧 盯 着 你 。
mno_request_shelter|要 求 进 入 城 堡 。
mno_request_meeting_commander|要 求 和 城 堡 中 的 某 人 会 面 。
mno_guard_leave|离 开 。
menu_castle_entry_granted|简 短 的 等 待 之 后 ， 守 卫 打 开 了 城 门 ， 允 许 你 和 你 的 部 队 进 入 城 中 。
menu_castle_entry_denied|城 堡 中 的 指 挥 官 拒 绝 了 你 的 请 求 ， 禁 止 你 走 近 城 池 一 步 ， 否 则 守 军 就 会 向 你 发 起 攻 击 。
menu_castle_meeting|你 想 要 见 谁 ？
mno_guard_meet_s5|{s5} 。
mno_forget_it|算 了 。
menu_castle_meeting_selected|你 的 申 请 被 传 递 上 去 了 ， 最 终 {s6} 出 现 在 你 面 前 与 你 进 行 交 涉 。
menu_castle_besiege|你 已 经 在 围 攻 {s1} 。 {s2} {s3}
mno_siege_request_meeting|要 求 和 城 堡 的 指 挥 官 会 面 。
mno_wait_24_hours|等 到 明 天 。
mno_castle_lead_attack|亲 自 率 领 攻 城 。
mno_attack_stay_back|坐 镇 指 挥 ， 让 你 的 部 队 攻 击 … …
mno_build_ladders|准 备 攻 击 城 墙 。
mno_build_siege_tower|建 立 攻 城 塔 。
mno_lift_siege|放 弃 围 城 。
menu_siege_attack_meets_sally|守 城 方 派 了 部 队 来 对 你 进 行 还 击 。
menu_castle_besiege_inner_battle|{s1}
menu_construct_ladders|队 员 中 最 高 工 程 技 能 为 {reg2} 级 ， 由 此 {reg3?你 预 期 :{s3} 预 期 } 需 要 {reg4} 小 时 来 安 设 云 梯 。
mno_build_ladders_cont|继 续 … …
menu_construct_siege_tower|队 员 中 最 高 工 程 技 能 为 {reg2} 级 ， 由 此 {reg3?你 预 期 :{s3} 预 期 } 需 要 {reg4} 小 时 来 建 立 攻 城 塔 。
mno_build_siege_tower_cont|开 始 建 造 。
menu_castle_attack_walls_simulate|{s4} ^^ 我 军 伤 亡 ： {s8} ^^ 敌 军 伤 亡 ： {s9}
menu_castle_attack_walls_with_allies_simulate|{s4} ^^ 我 军 伤 亡 ： {s8} ^^ 盟 军 伤 亡 ： {s9} ^^ 敌 军 伤 亡 ： {s10}
menu_castle_taken_by_friends|这 里 已 经 没 什 么 好 看 的 了 。
menu_castle_taken|你 的 部 队 攻 陷 了 {s3} ， 现 在 你 已 经 完 全 地 掌 控 了 这 个 {reg2?城 镇 :城 堡 } 。 {reg1?你 可 以 在 这 里 驻 军 以 防 那 些 打 算 重 新 夺 回 它 的 敌 军 。 同 时 ， 你 可 以 选 择 保 留 这 座 {reg2?城 镇 :城 堡 } 给 自 己 或 者 分 封 给 某 个 忠 诚 的 部 下 … … :}
menu_castle_taken_2|你 的 部 队 攻 陷 了 {s3} ， 现 在 你 已 经 完 全 地 掌 控 了 这 个 城 堡 。 现 在 应 该 把 这 个 胜 利 的 消 息 告 诉 给 {s9} 了 。 {s5}
mno_castle_taken_claim|要 求 他 把 {s3} 封 给 你 。
mno_castle_taken_claim_2|要 求 他 把 {s3} 封 为 你 的 配 偶 。
mno_castle_taken_no_claim|什 么 也 不 要 求 。
menu_requested_castle_granted_to_player|你 从 你 的 国 王 {s3} 那 里 得 到 通 知 。 ^^ {reg4?她 :他 } 决 定 将 {s2} {reg3?和 附 近 的 {s4} 村 :} 封 给 你 ， 附 带 那 里 所 有 的 收 入 和 权 益 ， 条 件 是 在 这 期 间 你 要 保 持 宣 誓 效 忠 于 {reg4?她 :他 } 的 名 下 。
menu_requested_castle_granted_to_player_husband|你 从 你 的 国 王 {s3} 那 里 得 到 通 知 。 ^^ {reg4?她 :他 } 决 定 将 {s2} {reg3?和 附 近 的 {s4} 村 :} 封 给 你 的 丈 夫 ， {s7} 。
menu_requested_castle_granted_to_another|你 从 你 的 国 王 {s3} 那 里 得 到 通 知 。 ^^ 我 听 说 你 很 英 勇 地 战 斗 并 把 {s2} 给 攻 下 来 了 。 你 的 胜 利 极 大 的 鼓 舞 了 我 们 。 你 说 过 你 想 要 我 把 这 个 地 方 封 给 你 ， 但 恐 怕 我 并 不 能 同 意 你 的 要 求 ， 因 为 在 我 统 治 的 范 围 内 ， 你 已 经 有 了 封 地 。 所 以 我 送 你 {reg6} 第 纳 尔 作 为 你 的 军 费 开 支 ， 而 {s2} ， 我 把 它 封 给 {s5} 了 。
mno_accept_decision|接 受 你 的 君 主 的 决 定 。
mno_leave_faction|你 受 到 了 不 公 正 的 对 待 ！ 你 决 定 放 弃 你 对 你 的 君 主 所 发 的 誓 言 ！
menu_requested_castle_granted_to_another_female|你 从 你 的 国 王 {s3} 那 里 得 到 通 知 。 ^^ 我 听 说 你 很 英 勇 地 战 斗 并 把 {s2} 给 攻 下 来 了 。 你 的 胜 利 极 大 的 鼓 舞 了 我 们 。 你 说 过 你 想 要 我 把 这 个 地 方 封 给 你 的 丈 夫 ， 但 恐 怕 我 并 不 能 同 意 你 的 要 求 ， 因 为 在 我 统 治 的 范 围 内 ， 他 已 经 有 了 封 地 。 所 以 我 送 你 {reg6} 第 纳 尔 作 为 你 的 军 费 开 支 ， 而 {s2} ， 我 把 它 封 给 {s5} 了 。
menu_leave_faction|放 弃 你 的 誓 言 是 一 件 很 严 重 的 事 情 。 你 的 君 主 将 宣 判 你 有 罪 ， 并 没 收 你 的 土 地 与 城 堡 。 如 果 你 自 愿 交 出 你 的 土 地 与 城 堡 ， 他 也 许 会 饶 恕 你 ， 让 你 走 。
mno_leave_faction_give_back|我 交 出 我 的 土 地 与 城 堡 给 我 的 君 主 ， 但 是 我 放 弃 我 的 誓 言 。
mno_leave_faction_hold|我 放 弃 我 的 誓 言 。 并 以 自 己 的 名 义 占 有 我 的 城 堡 ， 包 括 {s2} 。
mno_leave_faction_cancel|我 改 变 主 意 了 。 我 还 是 对 我 的 君 主 效 忠 。
menu_give_center_to_player|获 赐 新 封 地 ！ {s1} 将 {s2} 赏 赐 给 你 。 你 的 选 择 是 ？
mno_give_center_to_player_accept|接 受 这 个 建 议 。
mno_give_center_to_player_reject|拒 绝 ， 你 不 想 要 {s2} 。
menu_give_center_to_player_2|短 暂 的 仪 式 之 后 ， 你 已 受 封 新 封 地 。 你 现 在 是 {s2} {reg3?和 从 属 的 {s4} 村 :} 的 领 主 。 {reg3?它 们 :它 } 会 成 为 你 新 的 封 地 。 你 可 以 在 这 里 横 征 暴 敛 ， 拉 壮 丁 。 但 你 也 得 保 证 这 里 的 安 全 和 秩 序 。
menu_oath_fulfilled|你 已 经 发 誓 为 {s1} 服 务 一 段 时 间 。 你 的 誓 言 已 经 完 结 了 。 你 将 准 备 怎 么 办 ？
mno_renew_oath|继 续 向 {s1} 发 誓 ， 再 服 务 一 个 月 。
mno_dont_renew_oath|恢 复 自 由 身 。
menu_siege_started_defender|{s1} 正 在 攻 击 {s2} 的 城 墙 。 你 有 {reg10} 人 可 以 参 战 对 抗 敌 人 的 {reg11} 人 。 你 决 定 … …
mno_siege_defender_join_battle|参 加 战 斗 。
mno_siege_defender_troops_join_battle|坐 镇 指 挥 ， 让 你 的 部 队 攻 击 。
menu_siege_join_defense|{s4} ^^ 我 军 伤 亡 ： {s8} ^^ 盟 军 伤 亡 ： {s9} ^^ 敌 军 伤 亡 ： {s10}
menu_enter_your_own_castle|{s10}
menu_village|{s10}{s12}^{s11}^{s6}{s7}
mno_village_manage|管 理 这 个 村 庄 。
mno_recruit_volunteers|征 募 志 愿 兵 。
mno_village_center|前 往 村 中 心 。
mno_village_center_door|村 庄 中 心 的 大 门 。
mno_village_buy_food|向 村 民 购 买 给 养 。
mno_village_attack_bandits|进 攻 强 盗 。
mno_village_wait|在 这 里 待 一 会 儿 。
mno_collect_taxes_qst|为 {s1} {reg5?继 续 征 税 :征 税 } 。
mno_train_peasants_against_bandits_qst|训 练 这 些 农 民 。
mno_village_hostile_action|做 一 些 带 有 敌 意 的 事 情 。
mno_village_leave|离 开 … …
menu_village_hostile_action|你 现 在 打 算 做 些 什 么 ？
mno_village_take_food|强 征 给 养 。
mno_village_steal_cattle|偷 一 些 牛 。
mno_village_loot|抢 劫 这 个 村 子 ， 然 后 把 它 夷 为 平 地 ！
menu_recruit_volunteers|{s18}
mno_continue_not_enough_gold|我 没 有 足 够 的 钱 … …
mno_recruit_them|收 编 他 们 （ {reg6} 第 纳 尔 ） 。
menu_village_hunt_down_fugitive_defeated|这 个 世 界 在 你 眼 前 一 暗 。 当 你 再 次 睁 开 眼 睛 的 时 候 ， 你 意 识 到 自 己 浸 泡 在 自 己 的 鲜 血 里 ， 但 幸 运 的 是 ， 你 没 有 一 处 创 伤 是 致 命 的 。
menu_village_infest_bandits_result|{s9}
menu_village_infestation_removed|经 过 足 以 令 人 传 诵 的 英 勇 的 战 斗 ， 你 和 你 的 同 伴 打 败 了 强 盗 。 这 个 村 子 再 次 安 全 了 。 经 过 他 们 的 抢 劫 以 后 ， 村 民 几 乎 没 有 什 么 东 西 剩 下 了 ， 但 他 们 还 是 拿 出 了 任 何 他 们 有 的 东 西 。
mno_village_bandits_defeated_accept|我 接 受 你 们 的 赠 品 。
mno_village_bandits_defeated_cont|你 们 比 我 更 需 要 这 些 东 西 。 你 们 的 感 谢 已 经 足 够 了 。
menu_center_manage|{s19} ^ {reg6?^^ 你 现 在 正 在 建 造 {s7} 。 这 个 建 筑 将 于 {reg8} {reg9?日 :日 } 后 完 成 。 :}
mno_center_build_manor|建 造 一 个 庄 园 。
mno_center_build_fish_pond|建 造 一 个 磨 坊 。
mno_center_build_watch_tower|建 造 一 个 了 望 塔 。
mno_center_build_school|建 造 一 个 学 校 。
mno_center_build_messenger_post|建 造 一 个 驿 站 。
mno_center_build_prisoner_tower|建 造 一 个 哨 塔 。
menu_center_improve|{s19} 队 员 中 最 高 工 程 技 能 为 {reg2} 级 ， 由 此 {reg3?你 预 期 :{s3} 预 期 } 建 造 {s4} 要 花 费 {reg5} 第 纳 尔 ， 升 级 需 要 {reg6} 日 。
mno_improve_cont|继 续 … …
mno_improve_not_enough_gold|没 钱 。
menu_town_bandits_failed|{s4}{s5}
menu_town_bandits_succeeded|你 如 同 割 麦 子 一 般 干 掉 了 强 盗 ！ 你 再 次 孤 身 一 人 站 在 街 头 ， 在 你 的 周 围 散 布 着 强 盗 们 的 尸 体 ， 看 到 这 一 幕 ， 他 们 的 残 党 惊 慌 地 四 散 而 去 ， 消 失 在 街 道 深 处 。 搜 寻 尸 体 后 你 发 现 了 一 袋 钱 ， 或 者 它 属 于 前 一 个 无 辜 的 牺 牲 者 ， 或 者 是 有 人 想 要 买 你 的 命 。
menu_village_steal_cattle_confirm|队 员 中 最 高 掠 夺 技 能 为 {reg2} 级 ， 由 此 {reg3?你 预 期 :{s1} 预 期 } 你 最 多 可 以 偷 到 {reg4} 头 牛 。
mno_village_steal_cattle_confirm|继 续 … …
menu_village_steal_cattle|{s1}
menu_village_take_food_confirm|强 迫 农 民 们 准 备 好 补 给 品 需 要 花 费 至 少 一 个 小 时 。
mno_village_take_food_confirm|可 以 。
menu_village_take_food|村 民 们 勉 强 交 出 了 一 些 给 养 。
mno_take_supplies|带 走 。
mno_let_them_keep_it|算 了 。
menu_village_start_attack|一 些 村 民 拿 起 农 具 准 备 抵 抗 你 的 掠 夺 。
mno_village_raid_attack|镇 压 他 们 。
mno_village_raid_leave|离 开 。
menu_village_loot_no_resist|村 民 们 在 你 的 军 队 前 望 风 而 逃 ， 村 庄 由 你 控 制 了 。
menu_village_loot_complete|在 你 的 命 令 下 ， 你 的 队 伍 洗 劫 了 这 个 村 子 ， 抢 走 了 所 有 值 钱 的 东 西 ， 将 所 有 的 房 子 付 之 一 炬 。 不 过 所 有 的 收 入 加 起 来 ， 也 才 {reg1} 第 纳 尔 。
menu_village_loot_defeat|村 民 们 以 极 大 的 勇 气 和 决 心 ， 团 结 一 致 ， 赶 跑 了 你 的 军 队 。
menu_village_loot_continue|你 还 想 继 续 洗 劫 这 个 村 子 吗 ？
mno_disembark_yes|是 的 。
mno_disembark_no|不 。
menu_close|没 事 。
menu_town|{s10}{s14}^{s13}
mno_castle_castle|前 往 主 殿 {s1} 。
mno_castle_castle_door|主 殿 门 户 。
mno_join_tournament|参 加 问 道 台 比 试 。
mno_town_castle|前 往 主 殿 {s1} 。
mno_town_castle_door|主 殿 门 户 。
mno_town_center|去 坊 间 看 看 。
mno_town_center_door|前 往 坊 间 。
mno_town_tavern|前 往 仙 客 居 。
mno_town_tavern_door|进 入 仙 客 居 。
mno_town_merchant|拜 访 万 宝 阁 执 事 。
mno_town_merchant_door|进 入 万 宝 阁 。
mno_town_arena|前 往 问 道 台 。
mno_town_arena_door|进 入 问 道 台 。
mno_town_dungeon|永 无 可 能 ： 进 入 地 牢 。
mno_town_dungeon_door|地 牢 大 门 。
mno_castle_inspect|视 察 主 殿 防 务 。
mno_castle_inspect_door|进 入 主 殿 内 部 。
mno_town_enterprise|访 问 你 的 {s3} 。
mno_town_enterprise_door|你 的 工 厂 大 门 。
mno_visit_lady|尝 试 拜 访 一 位 女 士 。
mno_visit_lady_door|花 园 大 门 。
mno_trade_with_merchants|前 往 坊 市 。
mno_walled_center_manage|管 理 这 处 {reg0?仙 城 :主 殿 } 。
mno_walled_center_move_court|移 都 到 这 里 。
mno_castle_station_troops|管 理 {s10} 驻 军
mno_castle_wait|在 此 打 坐 调 息 {s1} 。
mno_town_leave|离 开 此 地 。
mno_town_leave_door|离 开 此 地 。
menu_cannot_enter_court|领 主 的 大 厅 里 正 在 举 行 一 场 宴 会 ， 但 是 你 还 没 有 足 够 资 格 进 入 。 或 者 想 办 法 增 加 声 望 来 赢 得 入 场 劵 ， 或 者 在 竞 技 大 会 上 胜 出 也 是 个 捷 径 。
menu_lady_visit|你 想 要 拜 访 谁 呢 ？
mno_visit_lady_1|拜 访 {s12}
mno_visit_lady_2|拜 访 {s12}
mno_visit_lady_3|拜 访 {s12}
mno_visit_lady_3_door|花 园 大 门 。
mno_visit_lady_4|拜 访 {s12}
mno_visit_lady_5|拜 访 {s12}
mno_visit_lady_6|拜 访 {s12}
mno_visit_lady_7|拜 访 {s12}
mno_visit_lady_8|拜 访 {s12}
menu_town_tournament_lost|你 在 问 道 台 比 试 中 败 下 阵 来 。 {s8}
menu_town_tournament_won|你 在 {s3} 问 道 台 中 夺 得 魁 首 。 台 下 修 士 喝 彩 如 潮 ， 声 望 随 之 而 起 。 另 得 灵 石 {reg9} 枚 。 {s8}
menu_town_tournament_won_by_another|{s1} 成 为 本 日 问 道 台 魁 首 ， 得 灵 石 与 名 望 。
menu_town_tournament|{s1} 你 正 在 问 道 台 第 {reg0} 轮 ， 场 中 还 剩 {reg1} 名 修 士 。 下 一 轮 将 有 {reg2} 队 ， 每 队 {reg3} 人 。
mno_tournament_view_participants|查 看 参 与 修 士 。
mno_tournament_bet|在 自 己 身 上 押 灵 石 。
mno_tournament_join_next_fight|进 入 下 一 轮 。
mno_leave_tournament|退 出 问 道 台 。
menu_tournament_withdraw_verify|你 确 认 要 从 竞 技 大 会 中 退 出 吗 ？
mno_tournament_withdraw_yes|是 的 ， 这 是 毫 无 希 望 的 努 力 。
mno_tournament_withdraw_no|不 ， 只 要 还 有 一 丝 机 会 胜 利 ！
menu_tournament_bet|当 前 盘 口 为 {reg5} 比 {reg6} 。 {reg1?你 已 押 下 {reg1} 枚 灵 石 ， 若 最 终 获 胜 可 得 {reg2} 枚 灵 石 。 :} 还 要 押 多 少 ？
mno_bet_100_denars|100 枚 灵 石 。
mno_bet_50_denars|50 枚 灵 石 。
mno_bet_20_denars|20 枚 灵 石 。
mno_bet_10_denars|10 枚 灵 石 。
mno_bet_5_denars|5 枚 灵 石 。
menu_tournament_bet_confirm|若 押 下 {reg1} 枚 灵 石 ， 问 道 获 胜 后 可 得 {reg2} 枚 灵 石 。 确 认 吗 ？
mno_tournament_bet_accept|确 认 。
mno_tournament_bet_cancel|作 罢 。
menu_tournament_participants|你 向 问 道 台 执 事 打 听 本 轮 参 与 修 士 ： ^{s11}
menu_collect_taxes|队 员 中 最 高 交 易 技 能 为 {reg2} 级 ， 由 此 {reg3?你 预 期 :{s1} 预 期 } 需 要 {reg4} 天 来 完 成 征 税 … …
mno_start_collecting|开 始 征 收 。
mno_collect_later|待 会 再 说 。
menu_collect_taxes_complete|你 从 {s3} 征 收 了 {reg3} 第 纳 尔 的 税 款 。 {s19} 期 待 你 把 这 些 钱 带 去 给 他 。
menu_collect_taxes_rebels_killed|你 成 功 地 镇 压 了 反 抗 。 任 何 想 站 起 来 反 抗 的 人 将 会 惧 怕 并 再 三 考 虑 的 。
menu_collect_taxes_failed|你 从 {s3} 征 收 了 {reg3} 第 纳 尔 的 税 款 的 时 候 ， 一 场 反 抗 爆 发 了 。 现 在 你 不 得 不 带 着 这 些 税 款 前 去 给 {s1} ， 虽 然 他 可 能 会 很 失 望 ， 不 过 总 比 一 点 都 没 收 到 要 好 的 多 … …
menu_collect_taxes_revolt_warning|{s3} 的 人 们 对 你 要 求 的 高 税 款 表 示 强 烈 的 义 愤 。 如 果 你 继 续 压 迫 他 们 ， 他 们 将 准 备 起 来 反 抗 。
mno_continue_collecting_taxes|依 然 像 以 前 那 样 征 税 。
mno_halve_taxes|同 意 减 轻 一 半 的 税 款 。 （ {s1} 也 许 会 不 满 ） 。
menu_collect_taxes_revolt|当 你 在 {s3} 收 取 税 款 的 时 候 ， 突 然 看 见 一 大 群 愤 怒 的 {reg9?农 民 :居 民 } 已 经 对 你 提 出 的 高 税 款 忍 无 可 忍 ， 正 挥 舞 着 火 把 和 武 器 逐 渐 向 你 逼 近 。 这 是 要 向 你 开 战 ！
menu_train_peasants_against_bandits|队 员 中 最 高 训 练 技 能 为 {reg2} 级 ， 由 此 {reg3?你 预 期 :{s1} 预 期 } 需 要 {reg4} 小 时 来 进 行 理 论 讲 解 ， 使 这 些 农 民 变 成 英 勇 的 战 士 。 在 这 期 间 他 们 将 会 学 到 战 斗 的 基 本 知 识 以 及 如 何 去 沉 着 冷 静 地 应 对 一 切 战 斗 。
mno_make_preparation|训 练 他 们 。
mno_train_later|待 会 再 说 。
menu_train_peasants_against_bandits_ready|你 对 那 些 农 民 们 进 行 了 一 些 最 基 本 的 训 练 ， 你 认 为 他 们 中 的 {reg0} 人 {reg1?已 经 :已 经 } 完 全 地 掌 握 了 训 练 的 内 容 ， {reg1?他 们 :他 } 已 经 准 备 好 进 行 实 战 演 习 了 。
mno_peasant_start_practice|开 始 演 习 。
menu_train_peasants_against_bandits_training_result|{s0}
menu_train_peasants_against_bandits_attack|当 你 准 备 继 续 训 练 的 时 候 ， 一 个 从 村 子 里 来 的 卫 兵 向 你 奔 来 ， 呼 喊 着 告 急 。 那 些 强 盗 已 经 出 现 在 视 野 里 ， 正 向 {s3} 奔 去 。 村 长 恳 求 你 组 织 那 些 你 训 练 的 民 兵 去 抵 抗 他 们 。
mno_peasants_against_bandits_attack_resist|准 备 开 战 吧 ！
menu_train_peasants_against_bandits_attack_result|{s9}
menu_train_peasants_against_bandits_success|这 些 强 盗 被 打 败 了 ！ 那 些 还 活 着 的 和 意 识 还 清 醒 的 都 夹 着 尾 巴 逃 跑 了 ， 他 们 惧 怕 这 些 农 民 和 他 们 的 新 教 官 。 经 过 他 们 的 抢 劫 以 后 ， 村 民 几 乎 没 有 什 么 东 西 剩 下 了 ， 但 他 们 还 是 拿 出 了 任 何 他 们 有 的 东 西 以 表 达 感 激 之 情 。
menu_disembark|想 上 岸 吗 ？
menu_ship_reembark|想 上 船 吗 ？
mno_reembark_yes|是 的 。
mno_reembark_no|不 。
menu_center_reports|据 点 ： {s1} ^ 租 税 收 入 ： {reg1} 枚 灵 石 ^ 坊 市 税 ： {reg2} 枚 灵 石 ^ 灵 食 储 备 ： 尚 可 支 撑 {reg3} 日
mno_to_price_and_productions|查 看 物 价 与 产 出 。
menu_price_and_production|产 品 有 ： ^ （ 提 示 ： 基 础 的 / 原 材 料 加 工 而 来 的 / 材 料 加 工 并 加 以 修 饰 的 )^ {s1} ^^ 价 格 因 素 有 ： ^ {s2}
menu_town_trade|你 走 入 坊 市 。
mno_assess_prices|估 价 。
mno_trade_with_arms_merchant|与 武 器 商 人 交 易 。
mno_trade_with_armor_merchant|与 盔 甲 商 人 交 易 。
mno_trade_with_horse_merchant|与 马 匹 贩 子 交 易 。
mno_trade_with_goods_merchant|与 杂 货 商 人 交 易 。
mno_back_to_town_menu|返 回 。
menu_town_trade_assessment_begin|你 在 坊 市 中 听 到 几 则 货 价 消 息 。 ^ 你 尝 试 从 中 找 出 可 用 的 灵 商 线 索 。
menu_town_trade_assessment|队 中 交 易 眼 力 最 高 为 {reg2} 级 ， {reg3?你 正 推 演 最 有 利 的 货 物 :{s1} 正 推 演 最 有 利 的 货 物 } 。 {s2}
menu_sneak_into_town_suceeded|假 装 成 穿 着 破 烂 的 朝 圣 者 ， 你 骗 过 了 守 卫 ， 顺 利 的 混 入 城 里 。
menu_sneak_into_town_caught|在 你 尝 试 溜 进 去 时 ， 一 名 守 卫 发 现 了 你 并 发 出 了 警 报 ！ 你 必 须 在 所 有 守 卫 都 开 始 搜 捕 你 之 前 从 大 门 逃 出 去 。
mno_sneak_caught_fight|杀 出 一 条 血 路 ！
mno_sneak_caught_surrender|投 降 。
menu_sneak_into_town_caught_dispersed_guards|你 轻 易 的 甩 掉 了 守 卫 ， 消 失 在 街 道 的 深 处 。
menu_sneak_into_town_caught_ran_away|你 杀 开 一 条 血 路 终 于 夺 关 而 走 ， 迅 速 逃 到 了 郊 外 的 安 全 地 带 。 {s11}
menu_enemy_offer_ransom_for_prisoner|{s2} 想 用 {reg12} 第 纳 尔 与 你 交 换 {s1} 。
mno_ransom_accept|接 受 这 个 建 议 。
mno_ransom_reject|拒 绝 这 个 建 议 。
menu_training_ground|你 到 达 了 训 练 场 。 在 这 里 你 可 以 提 升 你 的 战 斗 技 巧 。 你 想 要 进 行 哪 种 训 练 ？
mno_camp_trainer|和 教 练 交 谈 。
mno_camp_train_melee|对 战 练 习 。
mno_camp_train_archery|射 击 练 习 。
mno_camp_train_mounted|骑 乘 练 习 。
menu_training_ground_selection_details_melee_1|你 想 要 同 时 面 对 几 个 对 手 ？
mno_camp_train_melee_num_men_1|一 。
mno_camp_train_melee_num_men_2|二 。
mno_camp_train_melee_num_men_3|三 。
mno_camp_train_melee_num_men_4|四 。
menu_training_ground_selection_details_melee_2|选 择 你 的 {reg1} 号 对 手 ：
mno_training_ground_selection_details_melee_random|随 机 选 择 。
menu_training_ground_selection_details_mounted|你 想 要 用 哪 种 武 器 进 行 训 练 ？
mno_camp_train_mounted_details_1|单 手 。
mno_camp_train_mounted_details_2|长 杆 。
mno_camp_train_mounted_details_3|弓 箭 。
mno_camp_train_mounted_details_4|投 掷 。
menu_training_ground_selection_details_ranged_1|你 想 要 用 哪 种 远 程 武 器 进 行 训 练 ？
mno_camp_train_ranged_weapon_bow|弓 箭 。
mno_camp_train_ranged_weapon_crossbow|弩 。
mno_camp_train_ranged_weapon_thrown|飞 刀 。
menu_training_ground_selection_details_ranged_2|你 想 要 在 距 标 靶 多 远 的 距 离 练 习 ？
mno_camp_train_ranged_details_1|10 码 。
mno_camp_train_ranged_details_2|20 码 。
mno_camp_train_ranged_details_3|30 码 。
mno_camp_train_ranged_details_4|40 码 。
mno_camp_train_ranged_details_5|50 码 。
mno_camp_train_ranged_details_6|60 码 。
mno_camp_train_ranged_details_7|70 码 。
menu_training_ground_description|{s0}
menu_training_ground_training_result|{s7}{s2}
menu_marshall_selection_candidate_ask|{s15} 马 上 要 为 {s23} 选 择 一 个 元 帅 。 一 些 领 主 提 名 让 你 做 候 选 人 。
mno_marshall_candidate_accept|让 {s15} 知 道 你 想 做 元 帅 。
mno_marshall_candidate_reject|告 诉 所 有 人 这 些 天 你 太 忙 了 。
menu_captivity_avoid_wilderness|整 个 世 界 在 你 眼 前 一 黑 。 几 个 小 时 过 后 你 恢 复 了 意 识 ， 发 现 你 自 己 躺 在 你 倒 下 的 地 方 。 你 的 敌 人 一 定 以 为 你 死 了 ， 才 把 你 留 在 原 地 。 不 论 怎 样 ， 似 乎 你 身 上 的 伤 没 有 一 处 是 致 命 的 ， 虽 然 你 感 到 很 虚 弱 ， 但 是 你 发 现 你 自 己 还 是 勉 强 可 以 坚 持 站 起 来 行 走 。 你 站 起 来 并 努 力 搜 寻 你 队 伍 里 的 幸 存 者 。
menu_captivity_start_wilderness|Stub 
menu_captivity_start_wilderness_surrender|Stub 
menu_captivity_start_wilderness_defeat|你 被 敌 人 俘 虏 了 。
menu_captivity_start_castle_surrender|Stub 
menu_captivity_start_castle_defeat|Stub 
menu_captivity_start_under_siege_defeat|你 被 敌 人 俘 虏 了 。
menu_captivity_wilderness_taken_prisoner|你 被 敌 人 俘 虏 了 。
menu_captivity_wilderness_check|Stub 
menu_captivity_end_wilderness_escape|经 过 了 几 天 痛 苦 的 俘 虏 生 活 。 你 找 了 个 机 会 逃 跑 了 ！
menu_captivity_castle_taken_prisoner|卫 兵 们 包 围 了 你 ， 夺 下 了 你 的 武 器 。 他 们 咒 骂 着 把 你 丢 进 了 地 牢 ， 接 下 来 有 你 受 的 了 。
menu_captivity_rescue_lord_taken_prisoner|你 在 自 己 的 身 份 暴 露 之 前 一 直 伪 装 成 朝 圣 者 ， 这 激 怒 了 那 些 守 卫 。 他 们 狂 暴 而 粗 鲁 地 痛 打 你 ， 不 知 道 过 了 多 长 时 间 以 后 才 停 息 下 来 … …
menu_captivity_castle_check|Stub 
menu_captivity_end_exchanged_with_prisoner|经 过 了 数 天 的 关 押 ， 抓 你 的 人 用 你 交 换 了 他 们 的 一 名 俘 虏 ， 你 自 由 了 。
menu_captivity_end_propose_ransom|在 阴 暗 的 地 牢 中 不 知 道 过 了 多 久 以 后 ， 抓 你 的 人 给 了 你 一 个 选 择 ： 从 你 藏 钱 的 地 方 交 出 {reg5} 第 纳 尔 ， 他 们 就 会 放 了 你 。 你 决 定 … …
mno_captivity_end_ransom_accept|接 受 这 个 建 议 。
mno_captivity_end_ransom_deny|等 待 更 好 的 机 会 。
menu_captivity_castle_remain|时 光 流 逝 ， 你 在 监 牢 里 痛 苦 的 忍 受 着 被 囚 禁 的 痛 苦 ， 还 有 轻 蔑 的 笑 话 … …
menu_kingdom_army_quest_report_to_army|{s8} 邀 请 你 一 起 去 参 加 {reg4?她 :他 } 的 远 征 。 你 需 要 带 上 至 少 {reg13} 名 战 士 ， 如 果 现 在 不 够 的 话 ， 你 需 要 尽 快 达 到 要 求 的 人 数 。
menu_kingdom_army_quest_messenger|{s8} 派 信 使 来 告 诉 你 ， 他 要 给 你 指 定 一 个 任 务 ， 并 要 求 你 尽 快 去 见 他 。
menu_kingdom_army_quest_join_siege_order|{s8} 派 信 使 来 命 令 你 加 入 对 于 {s9} 的 围 攻 。 不 论 付 出 多 大 的 代 价 都 必 须 拿 下 {s9} 。
menu_kingdom_army_follow_failed|你 和 {s8} 走 散 了 。 元 帅 认 为 你 可 能 另 有 要 务 ， 不 过 他 对 于 你 的 支 持 还 是 表 示 感 激 。
menu_invite_player_to_faction_without_center|你 收 到 了 一 份 封 臣 的 邀 请 ！ ^^ {s9} 的 {s8} 派 遣 了 一 个 皇 家 信 使 来 亲 自 递 送 这 份 邀 请 。 你 将 成 为 {s9} 的 一 位 诸 侯 ， 从 此 被 人 以 {大 人 / 女 士 } 称 呼 ， 但 是 并 没 有 给 予 你 封 地 以 及 额 外 的 头 衔 ， 当 然 作 为 回 报 {s8} 要 求 你 宣 誓 对 他 效 忠 并 与 他 一 起 加 入 他 的 远 征 。 虽 然 他 没 有 许 诺 封 地 和 头 衔 ， 如 果 你 不 同 意 这 个 请 求 的 话 他 还 是 会 被 激 怒 的 … …
mno_faction_accept|接 受 邀 请 ！
mno_faction_reject|拒 绝 邀 请 。
menu_invite_player_to_faction|你 收 到 了 一 份 封 臣 的 邀 请 ！ ^^ {s9} 的 {s8} 派 遣 了 一 个 皇 家 信 使 来 亲 自 递 送 这 份 邀 请 。 你 将 成 为 {s9} 的 一 位 诸 侯 ， 从 此 被 人 以 {大 人 / 女 士 } 称 呼 ， 但 是 并 没 有 给 予 你 封 地 以 及 额 外 的 头 衔 ， 当 然 作 为 回 报 {s8} 要 求 你 宣 誓 对 他 效 忠 并 与 他 一 起 加 入 他 的 远 征 。 他 许 诺 给 你 {s2} 的 封 地 和 头 衔 ， 如 果 你 不 同 意 这 个 请 求 的 话 他 一 定 会 被 激 怒 的 … …
menu_invite_player_to_faction_accepted|如 果 你 想 要 成 为 封 臣 的 话 你 必 须 去 找 {s3} 宣 誓 。 {s5}
menu_question_peace_offer|你 收 到 了 一 份 停 战 的 邀 请 ^^ {s1} 发 给 你 一 份 停 战 邀 请 。 你 将 如 何 回 复 ？
mno_peace_offer_accept|接 受
mno_peace_offer_reject|拒 绝
menu_notification_truce_expired|停 战 协 定 到 期 ^^ {s1} 和 {s2} 之 间 的 停 战 协 定 已 经 到 期 。
menu_notification_feast_quest_expired|{s10}
menu_notification_sortie_possible|敌 报 ： 已 经 在 {s4} 的 城 墙 外 发 现 敌 人 。 {s5} 和 其 他 领 主 正 准 备 出 击 。 如 果 愿 意 的 话 你 可 以 加 入 他 们 。
menu_notification_casus_belli_expired|王 国 没 有 回 应 ^^ {s1} 没 有 回 应 {s2} 的 挑 衅 ， 这 导 致 {s3} 在 {reg4?她 :他 } 手 下 的 好 战 派 中 威 信 扫 地 … … ^
menu_notification_lord_defects|背 叛 ： {s4} 已 经 抛 弃 了 {s5} 并 且 加 入 了 {s7} ， 带 着 {reg4?她 :他 } 的 封 地 一 起
menu_notification_treason_indictment|叛 国 控 告 ^^ {s9}
menu_notification_border_incident|边 界 冲 突 ^^ 有 消 息 传 来 ， {s9} 。 虽 然 传 言 真 假 未 知 ， 但 有 件 事 是 确 定 的 — — 这 件 看 来 很 小 的 事 件 在 {s4} 内 部 已 经 掀 起 轩 然 大 波 ， 使 得 与 {s3} 的 战 争 一 触 即 发 … …
menu_notification_player_faction_active|现 在 ， 这 片 土 地 被 冠 以 你 的 名 字 ， 而 不 跟 其 他 王 国 有 任 何 关 系 。 你 成 为 了 一 位 能 独 立 行 使 权 力 的 君 王 ， 你 的 宫 廷 暂 时 坐 落 在 {s12} 。 然 而 ， 卡 拉 迪 亚 其 他 国 王 的 第 一 反 应 ， 是 把 你 当 做 一 个 威 胁 ， 因 为 ， 如 果 每 一 个 强 势 的 军 阀 ， 都 可 以 夺 取 王 位 ， 那 么 国 王 的 权 威 无 疑 会 受 到 质 疑 。 ^^ 你 可 能 觉 得 这 个 时 候 宣 誓 效 忠 于 一 个 现 有 的 国 家 ， 是 个 非 常 不 错 的 选 择 。 如 果 你 想 继 续 当 一 个 拥 有 主 权 的 君 王 ， 那 么 首 先 你 必 须 建 立 自 己 独 立 的 统 治 权 。 这 可 以 通 过 多 个 办 法 进 行 ， 比 如 与 出 身 高 贵 的 家 族 联 姻 ， 吸 纳 新 的 领 主 ， 管 理 你 的 领 地 ， 应 付 其 他 国 王 ， 以 及 派 遣 你 的 盟 友 去 执 行 任 务 。
mno_appoint_spouse|任 命 你 的 夫 人 ， {s10} … …
mno_appoint_npc1|任 命 {s10}
mno_appoint_npc2|任 命 {s10}
mno_appoint_npc3|任 命 {s10}
mno_appoint_npc4|任 命 {s10}
mno_appoint_npc5|任 命 {s10}
mno_appoint_npc6|任 命 {s10}
mno_appoint_npc7|任 命 {s10}
mno_appoint_npc8|任 命 {s10}
mno_appoint_npc9|任 命 {s10}
mno_appoint_npc10|任 命 {s10}
mno_appoint_npc11|任 命 {s10}
mno_appoint_npc12|任 命 {s10}
mno_appoint_npc13|任 命 {s10}
mno_appoint_npc14|任 命 {s10}
mno_appoint_npc15|任 命 {s10}
mno_appoint_npc16|任 命 {s10}
mno_appoint_default|任 命 当 地 的 杰 出 人 才 … …
menu_minister_confirm|{s9} 正 在 你 {s12} 的 大 厅 里 。 你 要 时 时 考 虑 避 免 一 些 未 确 定 的 ， 会 削 弱 你 的 权 力 的 争 议 。
menu_notification_court_lost|{s12}
menu_notification_player_faction_deactive|你 的 王 国 失 去 了 所 有 的 领 地 。
menu_notification_player_wedding_day|{s8} 想 告 诉 你 ， 将 于 {s10} 举 行 的 你 的 婚 礼 ， 已 经 准 备 就 绪 ， 期 待 你 尽 快 出 席 。
menu_notification_player_kingdom_holds_feast|{s11}
menu_notification_center_under_siege|{s1} 被 {s3} 的 {s2} 围 攻 了 ！
menu_notification_village_raided|敌 人 袭 击 了 你 的 领 地 ^^ {s1} 被 {s3} 的 {s2} 洗 劫 了 ！
menu_notification_village_raid_started|你 的 村 子 正 受 到 袭 击 ！ ^^ {s3} 的 {s2} 正 在 破 坏 {s1} 。
menu_notification_one_faction_left|卡 拉 迪 亚 大 陆 被 一 个 王 国 征 服 了 ^^ {s1} 击 败 所 有 对 手 ， 建 立 了 一 个 统 一 的 王 国 。
menu_notification_oath_renounced_faction_defeated|你 从 前 属 于 的 势 力 被 击 败 了 ^^ 你 赢 得 了 对 于 {s1} 的 战 斗 ！ 你 从 这 个 势 力 中 脱 离 了 出 去 。
menu_notification_center_lost|领 地 失 去 ^^ 因 为 {s2} 你 失 去 了 {s1} 。
menu_notification_troop_left_players_faction|背 叛 ！ ^^ {s1} 从 {s2} 离 开 了 ， 并 加 入 了 {s3} 。
menu_notification_troop_joined_players_faction|好 消 息 ！ ^^ {s1} 从 {s2} 离 开 了 ， 并 加 入 了 {s3} 。
menu_notification_war_declared|宣 战 ^^ {s1} 向 {s2} 宣 战 ！
menu_notification_peace_declared|和 平 协 议 ^^ {s1} 和 {s2} 达 成 了 和 平 协 议 ！ ^ {s57}
menu_notification_faction_defeated|阵 营 灭 亡 ^^ {s1} 不 复 存 在 了 ！
menu_notification_rebels_switched_to_faction|成 功 叛 变 ^^ 你 的 叛 变 十 分 成 功 ！ 现 在 你 的 势 力 将 {s12} 定 为 {s11} 唯 一 的 领 主 。
menu_notification_player_should_consult|你 的 首 席 大 臣 传 话 来 说 ， 王 国 内 部 有 些 问 题 正 在 酝 酿 ， 如 果 不 处 理 的 话 会 逐 渐 威 胁 到 你 的 王 权 。 你 必 须 尽 早 与 他 磋 商 一 下 。
menu_notification_player_feast_in_progress|筹 备 宴 会 ^^ 你 的 夫 人 正 在 {s11} 的 大 厅 里 筹 备 宴 会 。
menu_notification_lady_requests_visit|一 位 老 妇 人 找 到 了 你 的 部 队 ， 给 了 你 手 下 一 封 纯 蜡 密 封 着 的 信 。 地 址 是 写 给 你 的 。 当 你 打 这 封 信 时 ， 发 现 是 {s15} 写 来 的 。 上 面 说 ： “ 上 次 来 访 ， 相 聚 甚 欢 。 {s14} 。 我 现 在 {s10} ， {s12} 。 ”
menu_garden|{s12}
mno_nurse|在 泉 水 边 等 待
menu_kill_local_merchant_begin|你 探 明 你 的 猎 物 转 弯 走 进 了 一 条 背 街 的 巷 子 。 这 将 是 你 袭 击 他 的 最 好 时 机 。
menu_debug_alert_from_s65|调 试 警 报 ： {s65}
menu_auto_return_to_map|树 桩
menu_bandit_lair|{s3}
mno_continue_1|进 攻 贼 巢 … …
mno_leave_no_attack|离 开 … …
mno_leave_victory|继 续 … …
mno_leave_defeat|继 续 … …
menu_notification_player_faction_political_issue_resolved|经 过 和 王 国 贵 族 们 的 商 议 ， {s10} 已 经 决 定 授 予 {s12} {s11} 。
menu_notification_player_faction_political_issue_resolved_for_player|经 过 和 王 国 贵 族 们 的 商 议 ， {s10} 已 经 决 定 授 予 你 {s11} 。 你 可 以 拒 绝 这 项 任 命 ， 但 是 这 也 许 意 味 着 短 时 间 内 你 不 会 再 收 到 其 它 任 何 授 予 。 {s12}
mno_accept|接 受 任 命
mno_decline|拒 绝 任 命
menu_start_phase_3|{s16} 你 抵 达 {s1} 附 近 ， 在 客 栈 调 息 一 夜 。 天 明 时 分 ， 修 行 之 路 正 式 开 始 。
menu_start_phase_4|{s11}
menu_lost_tavern_duel|{s11}
menu_establish_court|要 将 {s4} 建 为 你 的 都 城 需 要 重 新 翻 修 一 番 。 具 体 来 说 ， 你 需 要 一 套 工 具 以 及 一 卷 天 鹅 绒 。 也 许 还 需 要 花 点 时 间 来 让 你 的 一 些 部 下 重 新 部 署 一 下 这 里 。 你 要 继 续 … … 吗 ？
mno_establish|将 {s4} 建 为 你 的 都 城
menu_notification_relieved_as_marshal|{s4} 想 要 通 知 你 不 再 需 要 你 继 续 … … 担 当 元 帅 之 职 了 。 不 过 ， 在 过 去 的 {reg4} 天 里 你 为 了 国 家 的 利 益 表 现 英 勇 ， 为 了 表 示 对 你 的 敬 意 ， {reg8?她 :他 } 赏 赐 给 你 {reg5} 第 纳 尔 。
mno_yunchuan_cultivation|闭 关 修 炼 （ 进 入 修 炼 / 突 破 菜 单 ）
mno_yc_seclusion|闭 关 修 炼 一 日 。
mno_yc_breakthrough|尝 试 突 破 。
mno_yc_leave|收 功 离 开
mnu_yunchuan_cultivation_camp|你 寻 了 一 处 安 静 所 在 ， 调 息 内 观 。 当 前 可 进 行 闭 关 、 突 破 或 望 气 。
mno_yc_wangqi|施 展 望 气 术
mno_yc_start_campaign|开 始 云 川 修 仙 沙 盒 战 役
mno_yunchuan_panel|打 开 修 炼 面 板 （ 查 看 境 界 / 气 运 / 因 果 ）
mno_camp_manage_equipment|整 理 装 备
mno_camp_take_a_prisoner|看 押 俘 虏
mno_camp_read_book|阅 读 功 法 典 籍 / 书 籍
mno_camp_leave|拔 营 ， 继 续 前 行
menu_yunchuan_choose_daotu|选 择 初 始 修 士 类 型 。 类 型 影 响 开 局 属 性 、 核 心 神 通 和 成 长 倾 向 。
mno_yc_dt_sword|剑 修 ： 剑 气 斩 ， 近 战 强
mno_yc_dt_body|魔 修 ： 血 祭 术 ， 击 杀 回 灵
mno_yc_dt_alchemy|丹 修 ： 疗 伤 丹 ， 后 勤 强
mno_yc_dt_array|器 修 ： 召 唤 傀 儡 和 兽 卫
mno_yc_dt_soul|符 修 ： 爆 炎 符 ， 灵 力 高
mno_yc_dt_mixed|杂 修 ： 万 法 皆 沾 ， 气 运 高
menu_yunchuan_cultivation_camp|你 盘 膝 静 坐 ， 感 受 体 内 灵 力 流 转 。 修 为 积 累 点 点 ， 天 地 灵 气 于 丹 田 汇 聚 … …
mno_yc_seclusion_1day|闭 关 一 日
mno_yc_seclusion_7day|闭 关 七 日
mno_yc_open_panel|查 看 修 炼 面 板
mno_yc_take_pill|服 食 丹 药
menu_yunchuan_take_pill|你 取 出 随 身 携 带 的 丹 药 ， 准 备 服 食 。 不 同 丹 药 蕴 含 不 同 的 天 地 灵 机 ， 可 助 你 修 炼 或 聚 运 。
mno_yc_pill_peiyu|服 食 培 元 丹 （ +800 修 为 ）
mno_yc_pill_juki|服 食 聚 气 丹 （ +3000 修 为 ）
mno_yc_pill_tupo|服 食 突 破 辅 助 丹 （ +8000 修 为 ）
mno_yc_pill_juyun|服 食 聚 运 丹 （ +200 气 运 ）
mno_yc_pill_qizhuan|服 食 七 转 金 丹 （ +30000 修 为 ， +500 气 运 ）
mno_yc_pill_jade|参 悟 传 承 玉 简 （ +15000 修 为 ， +100 气 运 ）
mno_yc_pill_back|收 起 丹 药 ， 返 回 闭 关
menu_yunchuan_wangqi|你 凝 神 静 气 ， 以 神 识 感 应 周 身 气 运 流 动 … …
mno_yc_wangqi_back|收 回 神 识 ， 返 回 闭 关
menu_yunchuan_daoji_select|筑 基 成 功 ， 道 基 初 凝 。 请 选 择 你 的 修 士 根 基 。
mno_yc_daoji_body|魔 修 道 基 ： 血 祭 与 因 果
mno_yc_daoji_soul|符 修 道 基 ： 爆 炎 与 远 程
mno_yc_daoji_alchemy|丹 修 道 基 ： 丹 药 与 治 疗
mno_yc_daoji_array|器 修 道 基 ： 傀 儡 与 兽 卫
mno_yc_daoji_sword|剑 修 道 基 ： 剑 气 与 近 战
mno_yc_daoji_mixed|杂 修 道 基 ： 全 面 与 气 运
mno_yunchuan_make_test_character|生 成 云 川 测 试 号 （ 境 界 / 装 备 / 丹 药 /NPC ）
mno_yc_make_test_character|生 成 测 试 号 （ 境 界 / 装 备 / 丹 药 /NPC/ 兵 种 ）
menu_yunchuan_cultivation_status|境 界 ： {s2} · {s3} ^ 修 士 根 基 ： {s4} ^ 灵 根 ： {s6} （ {s7} ） ^ 五 行 ： 金 {reg11} 木 {reg12} 水 {reg13} 火 {reg14} 土 {reg15} ^ 人 物 等 级 ： {reg0} ^ 修 为 进 度 ： {reg1} / {reg9} ^ 灵 力 ： {reg2} / {reg3} ^ 气 运 ： {reg4} （ {s5} ） ^ 因 果 ： {reg5} 灵 根 污 染 ： {reg17} 洗 练 ： {reg16} /5^ 天 地 气 运 总 池 ： {reg10} ^^ 战 斗 快 捷 键 ： Z 核 心 神 通 / X 灵 力 护 体 / B 召 唤 / V 金 丹 大 神 通
mno_yc_status_leave|返 回
mno_yc_major_breakthrough|尝 试 大 境 界 突 破 （ 等 级 达 标 后 消 耗 对 应 丹 药 ）
mno_yc_breakthrough_confirm|引 动 雷 劫 ， 开 始 突 破 。
mno_yc_breakthrough_back|返 回 闭 关 菜 单
mnu_yunchuan_test_daotu|测 试 修 士 类 型 ^ 选 择 后 会 把 你 临 时 设 置 为 元 婴 后 期 、 补 满 灵 力 ， 并 发 放 四 类 投 掷 神 通 。 进 战 场 后 测 试 ： Z 核 心 神 通 ， X 护 盾 ， B 召 唤 ， V 金 丹 大 神 通 ； 背 包 中 四 种 符 箓 用 于 测 试 命 中 范 围 伤 害 。
mno_yc_test_switch_type|测 试 ： 切 换 六 类 修 士 战 斗 技 能
mno_yc_test_jianxiu|切 换 为 剑 修
mno_yc_test_fuxiu|切 换 为 符 修
mno_yc_test_danxiu|切 换 为 丹 修
mno_yc_test_moxiu|切 换 为 魔 修
mno_yc_test_qixiu|切 换 为 器 修
mno_yc_test_zaxiu|切 换 为 杂 修
mno_yc_test_back|返 回 测 试 工 具 菜 单 。
menu_yunchuan_major_breakthrough|大 境 界 突 破 ^ 当 前 境 界 ： {s2} · {s3} ^ 人 物 等 级 ： {reg0} / {reg9} ^ 所 需 丹 药 ： {s6} x1^ 雷 劫 预 估 ： {reg21} 道 劫 雷 / 单 道 威 力 {reg22} ^ 渡 劫 后 突 破 概 率 ： {reg23} %^^ 大 境 界 突 破 会 引 动 天 劫 。 天 赋 越 强 、 因 果 越 重 ， 雷 劫 越 盛 ； 主 灵 根 也 会 轻 微 改 变 劫 雷 强 度 。 进 入 雷 劫 战 斗 后 可 以 用 X 灵 力 护 体 抵 御 部 分 雷 伤 。
menu_yunchuan_test_daotu|测 试 修 士 类 型 ^ 选 择 后 会 把 你 临 时 设 置 为 元 婴 后 期 、 补 满 灵 力 ， 并 发 放 基 础 战 斗 套 装 。 进 战 场 后 测 试 ： Z 核 心 神 通 ， X 护 盾 ， B 召 唤 ， V 金 丹 大 神 通 。 需 要 盾 牌 、 法 袍 、 丹 药 等 测 试 物 品 时 ， 请 回 到 测 试 工 具 菜 单 按 类 别 发 放 。
mnu_yunchuan_cultivation_status|境 界 ： {s2} · {s3} ^ 修 士 根 基 ： {s4} ^ 灵 根 ： {s6} （ {s7} ） ^ 五 行 ： 金 {reg11} 木 {reg12} 水 {reg13} 火 {reg14} 土 {reg15} ^ 人 物 等 级 ： {reg0} ^ 修 为 进 度 ： {reg1} / {reg9} ^ 灵 力 ： {reg2} / {reg3} ^ 气 运 ： {reg4} （ {s5} ） ^ 因 果 ： {reg5} 灵 根 污 染 ： {reg17} 洗 练 ： {reg16} /5^ 天 地 气 运 总 池 ： {reg10} ^^ 战 斗 快 捷 键 ： Z 核 心 神 通 / X 灵 力 护 体 / B 召 唤 / V 金 丹 大 神 通
mno_yc_pill_xiling|服 食 洗 灵 丹 （ 轻 微 洗 练 五 行 灵 根 ， 最 多 五 次 ）
menu_yunchuan_linggen_intro|入 宗 之 前 ， 山 门 执 事 取 出 一 方 测 灵 石 。 灵 根 是 修 士 的 先 天 根 器 ， 会 影 响 闭 关 修 炼 、 大 境 界 突 破 和 对 应 神 通 亲 和 。 接 下 来 你 要 随 测 灵 石 完 成 三 次 共 鸣 ， 结 果 仍 有 天 命 随 机 ， 但 你 的 选 择 会 让 某 一 类 五 行 灵 根 更 容 易 显 现 。
mno_yc_linggen_test|开 始 测 灵 石 共 鸣 。
menu_yunchuan_linggen_result|测 灵 石 泛 起 光 华 ， 你 的 灵 根 已 显 。 ^^ 灵 根 品 级 ： {s2} ^ 主 灵 根 ： {s3} ^ 五 行 数 值 ： 金 {reg11} / 木 {reg12} / 水 {reg13} / 火 {reg14} / 土 {reg15} ^ 测 灵 共 鸣 ： 金 {reg21} / 木 {reg22} / 水 {reg23} / 火 {reg24} / 土 {reg25} ^^ 品 级 越 高 ， 闭 关 修 炼 与 大 境 界 突 破 越 顺 ； 主 灵 根 会 影 响 对 应 神 通 的 伤 害 与 表 现 。 三 次 共 鸣 只 会 轻 微 牵 引 天 赋 ， 不 会 完 全 取 代 天 命 。
mno_yc_linggen_continue|记 下 结 果 ， 继 续 。
mno_yc_linggen_game_1_metal|追 随 锐 利 的 金 色 星 芒 。
mno_yc_linggen_game_1_wood|追 随 温 润 的 青 木 生 机 。
mno_yc_linggen_game_1_water|追 随 幽 深 的 玄 水 波 纹 。
mno_yc_linggen_game_1_fire|追 随 跃 动 的 赤 火 微 光 。
mno_yc_linggen_game_1_earth|追 随 厚 重 的 黄 土 脉 动 。
mno_yc_linggen_game_2_metal|听 取 剑 鸣 般 的 金 气 。
mno_yc_linggen_game_2_wood|听 取 枝 叶 舒 展 的 木 气 。
mno_yc_linggen_game_2_water|听 取 潮 汐 回 旋 的 水 气 。
mno_yc_linggen_game_2_fire|听 取 丹 火 暗 燃 的 火 气 。
mno_yc_linggen_game_2_earth|听 取 山 岳 回 响 的 土 气 。
mno_yc_linggen_game_3_metal|按 向 澄 明 的 金 光 。
mno_yc_linggen_game_3_wood|按 向 生 长 的 青 光 。
mno_yc_linggen_game_3_water|按 向 安 静 的 水 光 。
mno_yc_linggen_game_3_fire|按 向 明 亮 的 火 光 。
mno_yc_linggen_game_3_earth|按 向 稳 定 的 土 光 。
menu_yunchuan_linggen_game_1|测 灵 石 · 第 一 息 ^ 测 灵 石 沉 入 寂 静 ， 石 心 里 浮 起 五 缕 细 光 。 第 一 息 最 看 本 能 ， 不 必 多 想 ， 选 你 最 想 追 随 的 一 缕 。
menu_yunchuan_linggen_game_2|测 灵 石 · 第 二 息 ^ 测 灵 石 忽 冷 忽 热 ， 五 行 之 气 在 掌 心 交 错 。 第 二 息 看 亲 和 ， 选 最 先 回 应 你 的 那 道 气 机 。
menu_yunchuan_linggen_game_3|测 灵 石 · 第 三 息 ^ 最 后 一 息 ， 测 灵 石 内 如 开 小 天 地 。 此 时 不 再 分 辨 强 弱 ， 只 顺 着 心 神 按 向 最 后 一 道 光 。
menu_yunchuan_tribulation_result|雷 劫 结 果 ^ 结 论 ： {s2} ^ 承 受 劫 雷 ： {reg1} 道 ^ 单 道 劫 雷 威 力 ： {reg2} ^ 渡 劫 后 突 破 概 率 ： {reg3} %^^ 天 雷 已 散 ， 气 机 重 新 落 回 经 脉 。
mno_yc_tribulation_result_continue|收 束 气 机 。
mno_yc_test_tools|测 试 号 与 分 类 发 放 。
menu_yunchuan_test_tools|云 川 测 试 工 具 ^ 在 这 里 生 成 或 刷 新 测 试 号 、 切 换 修 士 类 型 ， 并 按 类 别 清 包 发 放 测 试 物 品 。 装 备 类 发 放 会 先 清 空 背 包 ， 只 保 留 当 前 要 看 的 那 一 组 ， 避 免 一 次 性 塞 满 背 包 。
mno_yc_test_make_base|生 成 / 刷 新 基 础 测 试 号 。
mno_yc_test_open_type_menu|切 换 六 类 修 士 战 斗 技 能 。
mno_yc_test_loadout_basic|清 包 并 发 放 基 础 战 斗 套 装 。
mno_yc_test_loadout_shields|清 包 并 发 放 所 有 云 川 盾 牌 。
mno_yc_test_loadout_robes|清 包 并 发 放 所 有 法 袍 / 护 甲 。
mno_yc_test_loadout_pills|清 包 并 发 放 所 有 丹 药 。
mno_yc_test_loadout_materials|清 包 并 发 放 材 料 / 功 法 / 令 牌 。
mno_yc_test_loadout_spells|清 包 并 发 放 神 通 符 箓 测 试 包 。
mno_yc_test_loadout_mounts|清 包 并 发 放 当 前 坐 骑 。
mno_yc_test_refresh_party|刷 新 测 试 部 队 和 同 伴 。
mno_yc_test_tools_back|返 回 闭 关 菜 单 。
mno_yc_test_loadout_bows|清 包 并 发 放 所 有 云 川 弓 和 箭 矢 。
mno_yc_test_loadout_crossbows|清 包 并 发 放 所 有 云 川 弩 和 弩 矢 。
mno_yc_test_loadout_boots|清 包 并 发 放 所 有 云 川 靴 子 。
mno_yc_test_loadout_gloves|清 包 并 发 放 所 有 云 川 手 套 。
menu_yunchuan_gongfa_study_confirm|参 悟 功 法 ： {s1} ^^ 参 悟 会 花 费 一 日 时 间 。 进 度 满 100 后 ， 将 消 耗 背 包 中 对 应 秘 籍 ， 并 把 它 记 录 为 已 掌 握 功 法 。
mnu_yunchuan_gongfa_study_confirm|参 悟 功 法 ： {s1} ^^ 参 悟 会 花 费 一 日 时 间 。 进 度 满 100 后 ， 将 消 耗 背 包 中 对 应 秘 籍 ， 并 把 它 记 录 为 已 掌 握 功 法 。
mno_yc_gongfa_study_day|参 悟 一 日 。
mno_yc_gongfa_study_cancel|暂 不 参 悟 。
mno_yunchuan_tutorial_guide|云 川 目 标 与 新 手 引 导
menu_yunchuan_tutorial_intro|你 已 定 下 道 途 ， 也 测 过 灵 根 。 接 下 来 ， 《 云 川 》 不 会 把 你 推 向 唯 一 结 局 ： 你 的 目 标 是 在 神 洲 活 下 去 、 变 强 、 结 识 同 道 、 积 累 资 源 与 名 望 ， 并 逐 步 选 择 自 己 要 影 响 哪 一 方 天 地 。 ^^ 短 期 目 标 ： 会 闭 关 、 会 招 人 、 会 挑 能 打 赢 的 仗 、 会 看 修 炼 面 板 。 ^^ 长 期 目 标 ： 筑 基 、 习 得 功 法 、 招 揽 伙 伴 、 加 入 或 对 抗 宗 门 、 经 营 据 点 、 参 与 大 战 ， 最 终 沿 着 自 己 的 道 途 一 路 破 境 。 ^^ 若 你 没 玩 过 原 版 战 团 ， 建 议 接 受 入 门 引 导 ； 它 会 像 任 务 一 样 逐 步 带 你 熟 悉 核 心 玩 法 。
mno_yc_tutorial_accept|接 受 入 门 引 导 任 务
mno_yc_tutorial_skip_intro|我 熟 悉 玩 法 ， 直 接 踏 入 神 洲
menu_yunchuan_tutorial_guide|《 云 川 》 的 核 心 不 是 线 性 通 关 ， 而 是 在 修 仙 世 界 里 选 择 你 自 己 的 上 升 路 线 。 ^^ 基 础 循 环 ： 招 募 队 伍 、 寻 找 资 源 、 完 成 任 务 、 击 败 合 适 的 敌 人 、 闭 关 修 炼 、 学 习 功 法 、 突 破 境 界 。 ^^ 生 存 目 标 ： 不 要 单 人 硬 闯 强 敌 ； 先 凑 人 手 、 买 粮 、 挑 弱 敌 ， 队 伍 和 士 气 比 个 人 勇 武 更 可 靠 。 ^^ 修 仙 目 标 ： 境 界 、 灵 根 、 气 运 、 功 法 与 神 通 决 定 成 长 路 线 。 营 地 的 闭 关 菜 单 和 X 键 修 炼 面 板 是 你 的 主 控 台 。 ^^ 沙 盒 目 标 ： 你 可 以 做 散 修 、 投 靠 宗 门 、 招 揽 伙 伴 、 经 营 领 地 、 参 与 战 争 ， 或 一 路 追 求 更 高 境 界 。 ^^ {s1}
mno_yc_tutorial_start_from_guide|开 始 新 手 引 导 任 务 链
mno_yc_tutorial_stop_from_guide|停 止 当 前 引 导 任 务
mno_yc_tutorial_back_to_camp|返 回 营 地
mno_yc_tutorial_guide|查 看 目 标 与 新 手 引 导
