itm_no_item|INVALID ITEM 
itm_no_item_pl|INVALID ITEM 
itm_tutorial_spear|破 阵 长 兵
itm_tutorial_spear_pl|破 阵 长 兵
itm_tutorial_club|镇 山 钝 器
itm_tutorial_club_pl|镇 山 钝 器
itm_tutorial_battle_axe|破 山 战 斧
itm_tutorial_battle_axe_pl|破 山 战 斧
itm_tutorial_arrows|符 羽 箭
itm_tutorial_arrows_pl|符 羽 箭
itm_tutorial_bolts|破 甲 弩 矢
itm_tutorial_bolts_pl|破 甲 弩 矢
itm_tutorial_short_bow|灵 木 弓
itm_tutorial_short_bow_pl|灵 木 弓
itm_tutorial_crossbow|机 括 灵 弩
itm_tutorial_crossbow_pl|机 括 灵 弩
itm_tutorial_throwing_daggers|制 式 法 剑
itm_tutorial_throwing_daggers_pl|制 式 法 剑
itm_tutorial_saddle_horse|宗 门 驮 马
itm_tutorial_saddle_horse_pl|宗 门 驮 马
itm_tutorial_shield|护 身 法 盾
itm_tutorial_shield_pl|护 身 法 盾
itm_tutorial_staff_no_attack|破 阵 长 兵
itm_tutorial_staff_no_attack_pl|破 阵 长 兵
itm_tutorial_staff|破 阵 长 兵
itm_tutorial_staff_pl|破 阵 长 兵
itm_tutorial_sword|制 式 法 剑
itm_tutorial_sword_pl|制 式 法 剑
itm_tutorial_axe|破 山 战 斧
itm_tutorial_axe_pl|破 山 战 斧
itm_tutorial_dagger|制 式 法 剑
itm_tutorial_dagger_pl|制 式 法 剑
itm_horse_meat|凡 马
itm_horse_meat_pl|凡 马
itm_practice_sword|制 式 法 剑
itm_practice_sword_pl|制 式 法 剑
itm_heavy_practice_sword|制 式 法 剑
itm_heavy_practice_sword_pl|制 式 法 剑
itm_practice_dagger|制 式 法 剑
itm_practice_dagger_pl|制 式 法 剑
itm_practice_axe|破 山 战 斧
itm_practice_axe_pl|破 山 战 斧
itm_arena_axe|破 山 战 斧
itm_arena_axe_pl|破 山 战 斧
itm_arena_sword|制 式 法 剑
itm_arena_sword_pl|制 式 法 剑
itm_arena_sword_two_handed|制 式 法 剑
itm_arena_sword_two_handed_pl|制 式 法 剑
itm_arena_lance|破 阵 长 兵
itm_arena_lance_pl|破 阵 长 兵
itm_practice_staff|破 阵 长 兵
itm_practice_staff_pl|破 阵 长 兵
itm_practice_lance|破 阵 长 兵
itm_practice_lance_pl|破 阵 长 兵
itm_practice_shield|护 身 法 盾
itm_practice_shield_pl|护 身 法 盾
itm_practice_bow|灵 木 弓
itm_practice_bow_pl|灵 木 弓
itm_practice_crossbow|机 括 灵 弩
itm_practice_crossbow_pl|机 括 灵 弩
itm_practice_javelin|飞 符 投 刃
itm_practice_javelin_pl|飞 符 投 刃
itm_practice_javelin_melee|飞 符 投 刃
itm_practice_javelin_melee_pl|飞 符 投 刃
itm_practice_throwing_daggers|制 式 法 剑
itm_practice_throwing_daggers_pl|制 式 法 剑
itm_practice_throwing_daggers_100_amount|制 式 法 剑
itm_practice_throwing_daggers_100_amount_pl|制 式 法 剑
itm_practice_horse|凡 马
itm_practice_horse_pl|凡 马
itm_practice_arrows|符 羽 箭
itm_practice_arrows_pl|符 羽 箭
itm_practice_bolts|破 甲 弩 矢
itm_practice_bolts_pl|破 甲 弩 矢
itm_practice_arrows_10_amount|符 羽 箭
itm_practice_arrows_10_amount_pl|符 羽 箭
itm_practice_arrows_100_amount|符 羽 箭
itm_practice_arrows_100_amount_pl|符 羽 箭
itm_practice_bolts_9_amount|破 甲 弩 矢
itm_practice_bolts_9_amount_pl|破 甲 弩 矢
itm_practice_boots|行 云 战 靴
itm_practice_boots_pl|行 云 战 靴
itm_red_tourney_armor|护 身 灵 甲
itm_red_tourney_armor_pl|护 身 灵 甲
itm_blue_tourney_armor|护 身 灵 甲
itm_blue_tourney_armor_pl|护 身 灵 甲
itm_green_tourney_armor|护 身 灵 甲
itm_green_tourney_armor_pl|护 身 灵 甲
itm_gold_tourney_armor|护 身 灵 甲
itm_gold_tourney_armor_pl|护 身 灵 甲
itm_red_tourney_helmet|护 法 冠
itm_red_tourney_helmet_pl|护 法 冠
itm_blue_tourney_helmet|护 法 冠
itm_blue_tourney_helmet_pl|护 法 冠
itm_green_tourney_helmet|护 法 冠
itm_green_tourney_helmet_pl|护 法 冠
itm_gold_tourney_helmet|护 法 冠
itm_gold_tourney_helmet_pl|护 法 冠
itm_arena_shield_red|护 身 法 盾
itm_arena_shield_red_pl|护 身 法 盾
itm_arena_shield_blue|护 身 法 盾
itm_arena_shield_blue_pl|护 身 法 盾
itm_arena_shield_green|护 身 法 盾
itm_arena_shield_green_pl|护 身 法 盾
itm_arena_shield_yellow|护 身 法 盾
itm_arena_shield_yellow_pl|护 身 法 盾
itm_arena_armor_white|护 身 灵 甲
itm_arena_armor_white_pl|护 身 灵 甲
itm_arena_armor_red|护 身 灵 甲
itm_arena_armor_red_pl|护 身 灵 甲
itm_arena_armor_blue|护 身 灵 甲
itm_arena_armor_blue_pl|护 身 灵 甲
itm_arena_armor_green|护 身 灵 甲
itm_arena_armor_green_pl|护 身 灵 甲
itm_arena_armor_yellow|护 身 灵 甲
itm_arena_armor_yellow_pl|护 身 灵 甲
itm_arena_tunic_white|修 士 行 袍
itm_arena_tunic_white_pl|修 士 行 袍
itm_arena_tunic_red|修 士 行 袍
itm_arena_tunic_red_pl|修 士 行 袍
itm_arena_tunic_blue|修 士 行 袍
itm_arena_tunic_blue_pl|修 士 行 袍
itm_arena_tunic_green|修 士 行 袍
itm_arena_tunic_green_pl|修 士 行 袍
itm_arena_tunic_yellow|修 士 行 袍
itm_arena_tunic_yellow_pl|修 士 行 袍
itm_arena_helmet_red|护 法 冠
itm_arena_helmet_red_pl|护 法 冠
itm_arena_helmet_blue|护 法 冠
itm_arena_helmet_blue_pl|护 法 冠
itm_arena_helmet_green|护 法 冠
itm_arena_helmet_green_pl|护 法 冠
itm_arena_helmet_yellow|护 法 冠
itm_arena_helmet_yellow_pl|护 法 冠
itm_steppe_helmet_white|护 法 冠
itm_steppe_helmet_white_pl|护 法 冠
itm_steppe_helmet_red|护 法 冠
itm_steppe_helmet_red_pl|护 法 冠
itm_steppe_helmet_blue|护 法 冠
itm_steppe_helmet_blue_pl|护 法 冠
itm_steppe_helmet_green|护 法 冠
itm_steppe_helmet_green_pl|护 法 冠
itm_steppe_helmet_yellow|护 法 冠
itm_steppe_helmet_yellow_pl|护 法 冠
itm_tourney_helm_white|护 法 冠
itm_tourney_helm_white_pl|护 法 冠
itm_tourney_helm_red|护 法 冠
itm_tourney_helm_red_pl|护 法 冠
itm_tourney_helm_blue|护 法 冠
itm_tourney_helm_blue_pl|护 法 冠
itm_tourney_helm_green|护 法 冠
itm_tourney_helm_green_pl|护 法 冠
itm_tourney_helm_yellow|护 法 冠
itm_tourney_helm_yellow_pl|护 法 冠
itm_arena_turban_red|护 法 冠
itm_arena_turban_red_pl|护 法 冠
itm_arena_turban_blue|护 法 冠
itm_arena_turban_blue_pl|护 法 冠
itm_arena_turban_green|护 法 冠
itm_arena_turban_green_pl|护 法 冠
itm_arena_turban_yellow|护 法 冠
itm_arena_turban_yellow_pl|护 法 冠
itm_book_tactics|器 道 入 门
itm_book_tactics_pl|器 道 入 门
itm_book_persuasion|望 气 杂 录
itm_book_persuasion_pl|望 气 杂 录
itm_book_leadership|宗 主 札 记
itm_book_leadership_pl|宗 主 札 记
itm_book_intelligence|灵 符 观 想 篇
itm_book_intelligence_pl|灵 符 观 想 篇
itm_book_trade|灵 石 账 簿
itm_book_trade_pl|灵 石 账 簿
itm_book_weapon_mastery|青 云 剑 经
itm_book_weapon_mastery_pl|青 云 剑 经
itm_book_engineering|炼 器 图 录
itm_book_engineering_pl|炼 器 图 录
itm_book_wound_treatment_reference|丹 道 医 书
itm_book_wound_treatment_reference_pl|丹 道 医 书
itm_book_training_reference|外 门 训 典
itm_book_training_reference_pl|外 门 训 典
itm_book_surgery_reference|青 囊 秘 卷
itm_book_surgery_reference_pl|青 囊 秘 卷
itm_spice|南 荒 灵 药
itm_spice_pl|南 荒 灵 药
itm_salt|灵 盐
itm_salt_pl|灵 盐
itm_oil|丹 油
itm_oil_pl|丹 油
itm_pottery|灵 陶
itm_pottery_pl|灵 陶
itm_raw_flax|符 草
itm_raw_flax_pl|符 草
itm_linen|符 纸
itm_linen_pl|符 纸
itm_wool|妖 兽 绒
itm_wool_pl|妖 兽 绒
itm_wool_cloth|兽 绒 布
itm_wool_cloth_pl|兽 绒 布
itm_raw_silk|青 纹 灵 竹
itm_raw_silk_pl|青 纹 灵 竹
itm_raw_dyes|灵 染 料
itm_raw_dyes_pl|灵 染 料
itm_velvet|云 锦
itm_velvet_pl|云 锦
itm_iron|玄 铁
itm_iron_pl|玄 铁
itm_tools|炼 器 工 具
itm_tools_pl|炼 器 工 具
itm_raw_leather|妖 兽 皮
itm_raw_leather_pl|妖 兽 皮
itm_leatherwork|皮 甲 料
itm_leatherwork_pl|皮 甲 料
itm_raw_date_fruit|枣 肉
itm_raw_date_fruit_pl|枣 肉
itm_furs|妖 兽 裘
itm_furs_pl|妖 兽 裘
itm_wine|聚 气 灵 酿
itm_wine_pl|聚 气 灵 酿
itm_ale|辟 谷 丹
itm_ale_pl|辟 谷 丹
itm_smoked_fish|熏 鱼
itm_smoked_fish_pl|熏 鱼
itm_cheese|奶 酪
itm_cheese_pl|奶 酪
itm_honey|灵 蜜
itm_honey_pl|灵 蜜
itm_sausages|腊 肠
itm_sausages_pl|腊 肠
itm_cabbages|卷 心 菜
itm_cabbages_pl|卷 心 菜
itm_dried_meat|风 干 肉
itm_dried_meat_pl|风 干 肉
itm_apples|苹 果
itm_apples_pl|苹 果
itm_raw_grapes|葡 萄
itm_raw_grapes_pl|葡 萄
itm_raw_olives|橄 榄
itm_raw_olives_pl|橄 榄
itm_grain|灵 谷
itm_grain_pl|灵 谷
itm_cattle_meat|牛 肉
itm_cattle_meat_pl|牛 肉
itm_bread|灵 麦 饼
itm_bread_pl|灵 麦 饼
itm_chicken|鸡 肉
itm_chicken_pl|鸡 肉
itm_pork|猪 肉
itm_pork_pl|猪 肉
itm_butter|奶 油
itm_butter_pl|奶 油
itm_siege_supply|补 给 品
itm_siege_supply_pl|补 给 品
itm_quest_wine|葡 萄 酒
itm_quest_wine_pl|葡 萄 酒
itm_quest_ale|麦 芽 酒
itm_quest_ale_pl|麦 芽 酒
itm_sumpter_horse|驮 兽
itm_sumpter_horse_pl|驮 兽
itm_saddle_horse|宗 门 驮 马
itm_saddle_horse_pl|宗 门 驮 马
itm_steppe_horse|凡 马
itm_steppe_horse_pl|凡 马
itm_arabian_horse_a|凡 马
itm_arabian_horse_a_pl|凡 马
itm_courser|轻 灵 快 马
itm_courser_pl|轻 灵 快 马
itm_arabian_horse_b|凡 马
itm_arabian_horse_b_pl|凡 马
itm_hunter|追 风 灵 马
itm_hunter_pl|追 风 灵 马
itm_warhorse|披 甲 战 马
itm_warhorse_pl|披 甲 战 马
itm_charger|重 甲 灵 骑
itm_charger_pl|重 甲 灵 骑
itm_arrows|符 羽 箭
itm_arrows_pl|符 羽 箭
itm_khergit_arrows|符 羽 箭
itm_khergit_arrows_pl|符 羽 箭
itm_barbed_arrows|符 羽 箭
itm_barbed_arrows_pl|符 羽 箭
itm_bodkin_arrows|符 羽 箭
itm_bodkin_arrows_pl|符 羽 箭
itm_bolts|破 甲 弩 矢
itm_bolts_pl|破 甲 弩 矢
itm_steel_bolts|破 甲 弩 矢
itm_steel_bolts_pl|破 甲 弩 矢
itm_cartridges|弹 药 筒
itm_cartridges_pl|弹 药 筒
itm_pilgrim_disguise|朝 圣 者 服
itm_pilgrim_disguise_pl|朝 圣 者 服
itm_pilgrim_hood|护 法 冠
itm_pilgrim_hood_pl|护 法 冠
itm_leather_gloves|护 腕 手 甲
itm_leather_gloves_pl|护 腕 手 甲
itm_mail_mittens|护 腕 手 甲
itm_mail_mittens_pl|护 腕 手 甲
itm_scale_gauntlets|护 腕 手 甲
itm_scale_gauntlets_pl|护 腕 手 甲
itm_lamellar_gauntlets|护 腕 手 甲
itm_lamellar_gauntlets_pl|护 腕 手 甲
itm_gauntlets|护 腕 手 甲
itm_gauntlets_pl|护 腕 手 甲
itm_wrapping_boots|行 云 战 靴
itm_wrapping_boots_pl|行 云 战 靴
itm_woolen_hose|行 云 战 靴
itm_woolen_hose_pl|行 云 战 靴
itm_blue_hose|行 云 战 靴
itm_blue_hose_pl|行 云 战 靴
itm_hunter_boots|行 云 战 靴
itm_hunter_boots_pl|行 云 战 靴
itm_hide_boots|行 云 战 靴
itm_hide_boots_pl|行 云 战 靴
itm_ankle_boots|行 云 战 靴
itm_ankle_boots_pl|行 云 战 靴
itm_nomad_boots|行 云 战 靴
itm_nomad_boots_pl|行 云 战 靴
itm_leather_boots|行 云 战 靴
itm_leather_boots_pl|行 云 战 靴
itm_splinted_leather_greaves|行 云 战 靴
itm_splinted_leather_greaves_pl|行 云 战 靴
itm_mail_chausses|行 云 战 靴
itm_mail_chausses_pl|行 云 战 靴
itm_splinted_greaves|行 云 战 靴
itm_splinted_greaves_pl|行 云 战 靴
itm_mail_boots|行 云 战 靴
itm_mail_boots_pl|行 云 战 靴
itm_iron_greaves|行 云 战 靴
itm_iron_greaves_pl|行 云 战 靴
itm_black_greaves|行 云 战 靴
itm_black_greaves_pl|行 云 战 靴
itm_khergit_leather_boots|行 云 战 靴
itm_khergit_leather_boots_pl|行 云 战 靴
itm_sarranid_boots_a|行 云 战 靴
itm_sarranid_boots_a_pl|行 云 战 靴
itm_sarranid_boots_b|行 云 战 靴
itm_sarranid_boots_b_pl|行 云 战 靴
itm_sarranid_boots_c|行 云 战 靴
itm_sarranid_boots_c_pl|行 云 战 靴
itm_sarranid_boots_d|行 云 战 靴
itm_sarranid_boots_d_pl|行 云 战 靴
itm_sarranid_head_cloth|护 法 冠
itm_sarranid_head_cloth_pl|护 法 冠
itm_sarranid_head_cloth_b|护 法 冠
itm_sarranid_head_cloth_b_pl|护 法 冠
itm_sarranid_felt_head_cloth|护 法 冠
itm_sarranid_felt_head_cloth_pl|护 法 冠
itm_sarranid_felt_head_cloth_b|护 法 冠
itm_sarranid_felt_head_cloth_b_pl|护 法 冠
itm_lady_dress_ruby|修 士 行 袍
itm_lady_dress_ruby_pl|修 士 行 袍
itm_lady_dress_green|修 士 行 袍
itm_lady_dress_green_pl|修 士 行 袍
itm_lady_dress_blue|修 士 行 袍
itm_lady_dress_blue_pl|修 士 行 袍
itm_red_dress|修 士 行 袍
itm_red_dress_pl|修 士 行 袍
itm_brown_dress|修 士 行 袍
itm_brown_dress_pl|修 士 行 袍
itm_green_dress|修 士 行 袍
itm_green_dress_pl|修 士 行 袍
itm_khergit_lady_dress|修 士 行 袍
itm_khergit_lady_dress_pl|修 士 行 袍
itm_khergit_lady_dress_b|修 士 行 袍
itm_khergit_lady_dress_b_pl|修 士 行 袍
itm_sarranid_lady_dress|修 士 行 袍
itm_sarranid_lady_dress_pl|修 士 行 袍
itm_sarranid_lady_dress_b|修 士 行 袍
itm_sarranid_lady_dress_b_pl|修 士 行 袍
itm_sarranid_common_dress|修 士 行 袍
itm_sarranid_common_dress_pl|修 士 行 袍
itm_sarranid_common_dress_b|修 士 行 袍
itm_sarranid_common_dress_b_pl|修 士 行 袍
itm_courtly_outfit|修 士 行 袍
itm_courtly_outfit_pl|修 士 行 袍
itm_nobleman_outfit|修 士 行 袍
itm_nobleman_outfit_pl|修 士 行 袍
itm_nomad_armor|护 身 灵 甲
itm_nomad_armor_pl|护 身 灵 甲
itm_khergit_armor|护 身 灵 甲
itm_khergit_armor_pl|护 身 灵 甲
itm_leather_jacket|皮 夹 克
itm_leather_jacket_pl|皮 夹 克
itm_rawhide_coat|护 身 灵 甲
itm_rawhide_coat_pl|护 身 灵 甲
itm_leather_armor|护 身 灵 甲
itm_leather_armor_pl|护 身 灵 甲
itm_fur_coat|护 身 灵 甲
itm_fur_coat_pl|护 身 灵 甲
itm_coat|护 身 灵 甲
itm_coat_pl|护 身 灵 甲
itm_leather_coat|护 身 灵 甲
itm_leather_coat_pl|护 身 灵 甲
itm_mail_coat|玄 铁 战 甲
itm_mail_coat_pl|玄 铁 战 甲
itm_long_mail_coat|玄 铁 战 甲
itm_long_mail_coat_pl|玄 铁 战 甲
itm_mail_with_tunic_red|玄 铁 战 甲
itm_mail_with_tunic_red_pl|玄 铁 战 甲
itm_mail_with_tunic_green|玄 铁 战 甲
itm_mail_with_tunic_green_pl|玄 铁 战 甲
itm_hide_coat|护 身 灵 甲
itm_hide_coat_pl|护 身 灵 甲
itm_merchant_outfit|修 士 行 袍
itm_merchant_outfit_pl|修 士 行 袍
itm_homespun_dress|修 士 行 袍
itm_homespun_dress_pl|修 士 行 袍
itm_thick_coat|护 身 灵 甲
itm_thick_coat_pl|护 身 灵 甲
itm_coat_with_cape|护 法 冠
itm_coat_with_cape_pl|护 法 冠
itm_steppe_outfit|修 士 行 袍
itm_steppe_outfit_pl|修 士 行 袍
itm_nordic_outfit|修 士 行 袍
itm_nordic_outfit_pl|修 士 行 袍
itm_nordic_armor|护 身 灵 甲
itm_nordic_armor_pl|护 身 灵 甲
itm_hide_armor|护 身 灵 甲
itm_hide_armor_pl|护 身 灵 甲
itm_cloaked_tunic|修 士 行 袍
itm_cloaked_tunic_pl|修 士 行 袍
itm_sleeveless_tunic|修 士 行 袍
itm_sleeveless_tunic_pl|修 士 行 袍
itm_sleeveless_leather_tunic|修 士 行 袍
itm_sleeveless_leather_tunic_pl|修 士 行 袍
itm_linen_shirt|修 士 行 袍
itm_linen_shirt_pl|修 士 行 袍
itm_wool_coat|护 身 灵 甲
itm_wool_coat_pl|护 身 灵 甲
itm_dress|修 士 行 袍
itm_dress_pl|修 士 行 袍
itm_blue_dress|修 士 行 袍
itm_blue_dress_pl|修 士 行 袍
itm_peasant_dress|修 士 行 袍
itm_peasant_dress_pl|修 士 行 袍
itm_woolen_dress|修 士 行 袍
itm_woolen_dress_pl|修 士 行 袍
itm_shirt|修 士 行 袍
itm_shirt_pl|修 士 行 袍
itm_linen_tunic|修 士 行 袍
itm_linen_tunic_pl|修 士 行 袍
itm_short_tunic|修 士 行 袍
itm_short_tunic_pl|修 士 行 袍
itm_red_shirt|修 士 行 袍
itm_red_shirt_pl|修 士 行 袍
itm_red_tunic|修 士 行 袍
itm_red_tunic_pl|修 士 行 袍
itm_green_tunic|修 士 行 袍
itm_green_tunic_pl|修 士 行 袍
itm_blue_tunic|修 士 行 袍
itm_blue_tunic_pl|修 士 行 袍
itm_robe|修 士 行 袍
itm_robe_pl|修 士 行 袍
itm_coarse_tunic|修 士 行 袍
itm_coarse_tunic_pl|修 士 行 袍
itm_leather_apron|护 身 灵 甲
itm_leather_apron_pl|护 身 灵 甲
itm_tabard|护 身 灵 甲
itm_tabard_pl|护 身 灵 甲
itm_leather_vest|护 身 灵 甲
itm_leather_vest_pl|护 身 灵 甲
itm_steppe_armor|护 身 灵 甲
itm_steppe_armor_pl|护 身 灵 甲
itm_gambeson|护 身 灵 甲
itm_gambeson_pl|护 身 灵 甲
itm_blue_gambeson|护 身 灵 甲
itm_blue_gambeson_pl|护 身 灵 甲
itm_red_gambeson|护 身 灵 甲
itm_red_gambeson_pl|护 身 灵 甲
itm_padded_cloth|棉 袍
itm_padded_cloth_pl|棉 袍
itm_aketon_green|棉 袍
itm_aketon_green_pl|棉 袍
itm_leather_jerkin|护 身 灵 甲
itm_leather_jerkin_pl|护 身 灵 甲
itm_nomad_vest|护 身 灵 甲
itm_nomad_vest_pl|护 身 灵 甲
itm_ragged_outfit|修 士 行 袍
itm_ragged_outfit_pl|修 士 行 袍
itm_padded_leather|棉 衬 皮 衣
itm_padded_leather_pl|棉 衬 皮 衣
itm_tribal_warrior_outfit|修 士 行 袍
itm_tribal_warrior_outfit_pl|修 士 行 袍
itm_nomad_robe|修 士 行 袍
itm_nomad_robe_pl|修 士 行 袍
itm_studded_leather_coat|护 身 灵 甲
itm_studded_leather_coat_pl|护 身 灵 甲
itm_byrnie|链 铠
itm_byrnie_pl|链 铠
itm_haubergeon|短 链 甲
itm_haubergeon_pl|短 链 甲
itm_lamellar_vest|玄 铁 战 甲
itm_lamellar_vest_pl|玄 铁 战 甲
itm_lamellar_vest_khergit|玄 铁 战 甲
itm_lamellar_vest_khergit_pl|玄 铁 战 甲
itm_mail_shirt|玄 铁 战 甲
itm_mail_shirt_pl|玄 铁 战 甲
itm_mail_hauberk|玄 铁 战 甲
itm_mail_hauberk_pl|玄 铁 战 甲
itm_mail_with_surcoat|玄 铁 战 甲
itm_mail_with_surcoat_pl|玄 铁 战 甲
itm_surcoat_over_mail|玄 铁 战 甲
itm_surcoat_over_mail_pl|玄 铁 战 甲
itm_brigandine_red|锁 子 铠
itm_brigandine_red_pl|锁 子 铠
itm_lamellar_armor|玄 铁 战 甲
itm_lamellar_armor_pl|玄 铁 战 甲
itm_scale_armor|玄 铁 战 甲
itm_scale_armor_pl|玄 铁 战 甲
itm_banded_armor|护 身 灵 甲
itm_banded_armor_pl|护 身 灵 甲
itm_cuir_bouilli|硬 皮 甲
itm_cuir_bouilli_pl|硬 皮 甲
itm_coat_of_plates|玄 铁 战 甲
itm_coat_of_plates_pl|玄 铁 战 甲
itm_coat_of_plates_red|玄 铁 战 甲
itm_coat_of_plates_red_pl|玄 铁 战 甲
itm_plate_armor|玄 铁 战 甲
itm_plate_armor_pl|玄 铁 战 甲
itm_black_armor|护 身 灵 甲
itm_black_armor_pl|护 身 灵 甲
itm_pelt_coat|护 身 灵 甲
itm_pelt_coat_pl|护 身 灵 甲
itm_khergit_elite_armor|护 身 灵 甲
itm_khergit_elite_armor_pl|护 身 灵 甲
itm_vaegir_elite_armor|护 身 灵 甲
itm_vaegir_elite_armor_pl|护 身 灵 甲
itm_sarranid_elite_armor|护 身 灵 甲
itm_sarranid_elite_armor_pl|护 身 灵 甲
itm_sarranid_dress_a|修 士 行 袍
itm_sarranid_dress_a_pl|修 士 行 袍
itm_sarranid_dress_b|修 士 行 袍
itm_sarranid_dress_b_pl|修 士 行 袍
itm_sarranid_cloth_robe|修 士 行 袍
itm_sarranid_cloth_robe_pl|修 士 行 袍
itm_sarranid_cloth_robe_b|修 士 行 袍
itm_sarranid_cloth_robe_b_pl|修 士 行 袍
itm_skirmisher_armor|护 身 灵 甲
itm_skirmisher_armor_pl|护 身 灵 甲
itm_archers_vest|护 身 灵 甲
itm_archers_vest_pl|护 身 灵 甲
itm_sarranid_leather_armor|护 身 灵 甲
itm_sarranid_leather_armor_pl|护 身 灵 甲
itm_sarranid_cavalry_robe|修 士 行 袍
itm_sarranid_cavalry_robe_pl|修 士 行 袍
itm_arabian_armor_b|护 身 灵 甲
itm_arabian_armor_b_pl|护 身 灵 甲
itm_sarranid_mail_shirt|玄 铁 战 甲
itm_sarranid_mail_shirt_pl|玄 铁 战 甲
itm_mamluke_mail|玄 铁 战 甲
itm_mamluke_mail_pl|玄 铁 战 甲
itm_burlap_tunic|修 士 行 袍
itm_burlap_tunic_pl|修 士 行 袍
itm_heraldic_mail_with_surcoat|玄 铁 战 甲
itm_heraldic_mail_with_surcoat_pl|玄 铁 战 甲
itm_heraldic_mail_with_tunic|玄 铁 战 甲
itm_heraldic_mail_with_tunic_pl|玄 铁 战 甲
itm_heraldic_mail_with_tunic_b|玄 铁 战 甲
itm_heraldic_mail_with_tunic_b_pl|玄 铁 战 甲
itm_heraldic_mail_with_tabard|玄 铁 战 甲
itm_heraldic_mail_with_tabard_pl|玄 铁 战 甲
itm_turret_hat_ruby|护 法 冠
itm_turret_hat_ruby_pl|护 法 冠
itm_turret_hat_blue|护 法 冠
itm_turret_hat_blue_pl|护 法 冠
itm_turret_hat_green|护 法 冠
itm_turret_hat_green_pl|护 法 冠
itm_head_wrappings|护 法 冠
itm_head_wrappings_pl|护 法 冠
itm_court_hat|护 法 冠
itm_court_hat_pl|护 法 冠
itm_wimple_a|包 头 巾
itm_wimple_a_pl|包 头 巾
itm_wimple_with_veil|带 面 纱 头 巾
itm_wimple_with_veil_pl|带 面 纱 头 巾
itm_straw_hat|护 法 冠
itm_straw_hat_pl|护 法 冠
itm_common_hood|护 法 冠
itm_common_hood_pl|护 法 冠
itm_hood_b|护 法 冠
itm_hood_b_pl|护 法 冠
itm_hood_c|护 法 冠
itm_hood_c_pl|护 法 冠
itm_hood_d|护 法 冠
itm_hood_d_pl|护 法 冠
itm_headcloth|护 法 冠
itm_headcloth_pl|护 法 冠
itm_woolen_hood|护 法 冠
itm_woolen_hood_pl|护 法 冠
itm_arming_cap|护 法 冠
itm_arming_cap_pl|护 法 冠
itm_fur_hat|护 法 冠
itm_fur_hat_pl|护 法 冠
itm_nomad_cap|护 法 冠
itm_nomad_cap_pl|护 法 冠
itm_nomad_cap_b|护 法 冠
itm_nomad_cap_b_pl|护 法 冠
itm_steppe_cap|护 法 冠
itm_steppe_cap_pl|护 法 冠
itm_padded_coif|头 肩 巾
itm_padded_coif_pl|头 肩 巾
itm_woolen_cap|护 法 冠
itm_woolen_cap_pl|护 法 冠
itm_felt_hat|护 法 冠
itm_felt_hat_pl|护 法 冠
itm_felt_hat_b|护 法 冠
itm_felt_hat_b_pl|护 法 冠
itm_leather_cap|护 法 冠
itm_leather_cap_pl|护 法 冠
itm_female_hood|护 法 冠
itm_female_hood_pl|护 法 冠
itm_leather_steppe_cap_a|护 法 冠
itm_leather_steppe_cap_a_pl|护 法 冠
itm_leather_steppe_cap_b|护 法 冠
itm_leather_steppe_cap_b_pl|护 法 冠
itm_leather_steppe_cap_c|护 法 冠
itm_leather_steppe_cap_c_pl|护 法 冠
itm_leather_warrior_cap|护 法 冠
itm_leather_warrior_cap_pl|护 法 冠
itm_skullcap|护 法 冠
itm_skullcap_pl|护 法 冠
itm_mail_coif|玄 铁 战 甲
itm_mail_coif_pl|玄 铁 战 甲
itm_footman_helmet|护 法 冠
itm_footman_helmet_pl|护 法 冠
itm_nasal_helmet|护 法 冠
itm_nasal_helmet_pl|护 法 冠
itm_norman_helmet|护 法 冠
itm_norman_helmet_pl|护 法 冠
itm_segmented_helmet|护 法 冠
itm_segmented_helmet_pl|护 法 冠
itm_helmet_with_neckguard|护 法 冠
itm_helmet_with_neckguard_pl|护 法 冠
itm_flat_topped_helmet|护 法 冠
itm_flat_topped_helmet_pl|护 法 冠
itm_kettle_hat|护 法 冠
itm_kettle_hat_pl|护 法 冠
itm_spiked_helmet|破 阵 长 兵
itm_spiked_helmet_pl|破 阵 长 兵
itm_nordic_helmet|护 法 冠
itm_nordic_helmet_pl|护 法 冠
itm_khergit_lady_hat|护 法 冠
itm_khergit_lady_hat_pl|护 法 冠
itm_khergit_lady_hat_b|护 法 冠
itm_khergit_lady_hat_b_pl|护 法 冠
itm_sarranid_felt_hat|护 法 冠
itm_sarranid_felt_hat_pl|护 法 冠
itm_turban|护 法 冠
itm_turban_pl|护 法 冠
itm_desert_turban|护 法 冠
itm_desert_turban_pl|护 法 冠
itm_sarranid_warrior_cap|护 法 冠
itm_sarranid_warrior_cap_pl|护 法 冠
itm_sarranid_horseman_helmet|凡 马
itm_sarranid_horseman_helmet_pl|凡 马
itm_sarranid_helmet1|护 法 冠
itm_sarranid_helmet1_pl|护 法 冠
itm_sarranid_mail_coif|玄 铁 战 甲
itm_sarranid_mail_coif_pl|玄 铁 战 甲
itm_sarranid_veiled_helmet|护 法 冠
itm_sarranid_veiled_helmet_pl|护 法 冠
itm_nordic_archer_helmet|护 法 冠
itm_nordic_archer_helmet_pl|护 法 冠
itm_nordic_veteran_archer_helmet|护 法 冠
itm_nordic_veteran_archer_helmet_pl|护 法 冠
itm_nordic_footman_helmet|护 法 冠
itm_nordic_footman_helmet_pl|护 法 冠
itm_nordic_fighter_helmet|护 法 冠
itm_nordic_fighter_helmet_pl|护 法 冠
itm_nordic_huscarl_helmet|护 法 冠
itm_nordic_huscarl_helmet_pl|护 法 冠
itm_nordic_warlord_helmet|护 法 冠
itm_nordic_warlord_helmet_pl|护 法 冠
itm_vaegir_fur_cap|护 法 冠
itm_vaegir_fur_cap_pl|护 法 冠
itm_vaegir_fur_helmet|护 法 冠
itm_vaegir_fur_helmet_pl|护 法 冠
itm_vaegir_spiked_helmet|破 阵 长 兵
itm_vaegir_spiked_helmet_pl|破 阵 长 兵
itm_vaegir_lamellar_helmet|护 法 冠
itm_vaegir_lamellar_helmet_pl|护 法 冠
itm_vaegir_noble_helmet|护 法 冠
itm_vaegir_noble_helmet_pl|护 法 冠
itm_vaegir_war_helmet|护 法 冠
itm_vaegir_war_helmet_pl|护 法 冠
itm_vaegir_mask|维 基 亚 面 具 战 盔
itm_vaegir_mask_pl|维 基 亚 面 具 战 盔
itm_bascinet|尖 顶 盔
itm_bascinet_pl|尖 顶 盔
itm_bascinet_2|带 面 罩 尖 顶 盔
itm_bascinet_2_pl|带 面 罩 尖 顶 盔
itm_bascinet_3|带 护 鼻 尖 顶 盔
itm_bascinet_3_pl|带 护 鼻 尖 顶 盔
itm_guard_helmet|护 法 冠
itm_guard_helmet_pl|护 法 冠
itm_black_helmet|护 法 冠
itm_black_helmet_pl|护 法 冠
itm_full_helm|护 法 冠
itm_full_helm_pl|护 法 冠
itm_great_helmet|护 法 冠
itm_great_helmet_pl|护 法 冠
itm_winged_great_helmet|护 法 冠
itm_winged_great_helmet_pl|护 法 冠
itm_wooden_stick|木 枝
itm_wooden_stick_pl|木 枝
itm_cudgel|短 棍
itm_cudgel_pl|短 棍
itm_hammer|镇 山 钝 器
itm_hammer_pl|镇 山 钝 器
itm_club|镇 山 钝 器
itm_club_pl|镇 山 钝 器
itm_winged_mace|镇 山 钝 器
itm_winged_mace_pl|镇 山 钝 器
itm_spiked_mace|破 阵 长 兵
itm_spiked_mace_pl|破 阵 长 兵
itm_military_hammer|镇 山 钝 器
itm_military_hammer_pl|镇 山 钝 器
itm_maul|木 锤
itm_maul_pl|木 锤
itm_sledgehammer|镇 山 钝 器
itm_sledgehammer_pl|镇 山 钝 器
itm_warhammer|镇 山 钝 器
itm_warhammer_pl|镇 山 钝 器
itm_pickaxe|破 山 战 斧
itm_pickaxe_pl|破 山 战 斧
itm_spiked_club|破 阵 长 兵
itm_spiked_club_pl|破 阵 长 兵
itm_fighting_pick|镇 山 钝 器
itm_fighting_pick_pl|镇 山 钝 器
itm_military_pick|镇 山 钝 器
itm_military_pick_pl|镇 山 钝 器
itm_morningstar|钉 头 锤
itm_morningstar_pl|钉 头 锤
itm_sickle|镰 刀
itm_sickle_pl|镰 刀
itm_cleaver|破 山 战 斧
itm_cleaver_pl|破 山 战 斧
itm_knife|制 式 法 剑
itm_knife_pl|制 式 法 剑
itm_butchering_knife|制 式 法 剑
itm_butchering_knife_pl|制 式 法 剑
itm_dagger|制 式 法 剑
itm_dagger_pl|制 式 法 剑
itm_falchion|单 刀
itm_falchion_pl|单 刀
itm_scimitar|制 式 法 剑
itm_scimitar_pl|制 式 法 剑
itm_scimitar_b|制 式 法 剑
itm_scimitar_b_pl|制 式 法 剑
itm_arabian_sword_a|制 式 法 剑
itm_arabian_sword_a_pl|制 式 法 剑
itm_arabian_sword_b|制 式 法 剑
itm_arabian_sword_b_pl|制 式 法 剑
itm_sarranid_cavalry_sword|制 式 法 剑
itm_sarranid_cavalry_sword_pl|制 式 法 剑
itm_arabian_sword_d|制 式 法 剑
itm_arabian_sword_d_pl|制 式 法 剑
itm_great_sword|制 式 法 剑
itm_great_sword_pl|制 式 法 剑
itm_sword_of_war|制 式 法 剑
itm_sword_of_war_pl|制 式 法 剑
itm_hatchet|护 法 冠
itm_hatchet_pl|护 法 冠
itm_hand_axe|破 山 战 斧
itm_hand_axe_pl|破 山 战 斧
itm_fighting_axe|破 山 战 斧
itm_fighting_axe_pl|破 山 战 斧
itm_axe|破 山 战 斧
itm_axe_pl|破 山 战 斧
itm_voulge|长 柄 砍 刀
itm_voulge_pl|长 柄 砍 刀
itm_battle_axe|破 山 战 斧
itm_battle_axe_pl|破 山 战 斧
itm_war_axe|破 山 战 斧
itm_war_axe_pl|破 山 战 斧
itm_sword_two_handed_b|制 式 法 剑
itm_sword_two_handed_b_pl|制 式 法 剑
itm_sword_two_handed_a|制 式 法 剑
itm_sword_two_handed_a_pl|制 式 法 剑
itm_khergit_sword_two_handed_a|制 式 法 剑
itm_khergit_sword_two_handed_a_pl|制 式 法 剑
itm_khergit_sword_two_handed_b|制 式 法 剑
itm_khergit_sword_two_handed_b_pl|制 式 法 剑
itm_two_handed_cleaver|破 山 战 斧
itm_two_handed_cleaver_pl|破 山 战 斧
itm_military_cleaver_b|破 山 战 斧
itm_military_cleaver_b_pl|破 山 战 斧
itm_military_cleaver_c|破 山 战 斧
itm_military_cleaver_c_pl|破 山 战 斧
itm_military_sickle_a|军 用 镰 刀
itm_military_sickle_a_pl|军 用 镰 刀
itm_bastard_sword_a|制 式 法 剑
itm_bastard_sword_a_pl|制 式 法 剑
itm_bastard_sword_b|制 式 法 剑
itm_bastard_sword_b_pl|制 式 法 剑
itm_one_handed_war_axe_a|破 山 战 斧
itm_one_handed_war_axe_a_pl|破 山 战 斧
itm_one_handed_battle_axe_a|破 山 战 斧
itm_one_handed_battle_axe_a_pl|破 山 战 斧
itm_one_handed_war_axe_b|破 山 战 斧
itm_one_handed_war_axe_b_pl|破 山 战 斧
itm_one_handed_battle_axe_b|破 山 战 斧
itm_one_handed_battle_axe_b_pl|破 山 战 斧
itm_one_handed_battle_axe_c|破 山 战 斧
itm_one_handed_battle_axe_c_pl|破 山 战 斧
itm_two_handed_axe|破 山 战 斧
itm_two_handed_axe_pl|破 山 战 斧
itm_two_handed_battle_axe_2|破 山 战 斧
itm_two_handed_battle_axe_2_pl|破 山 战 斧
itm_shortened_voulge|短 柄 砍 刀
itm_shortened_voulge_pl|短 柄 砍 刀
itm_great_axe|破 山 战 斧
itm_great_axe_pl|破 山 战 斧
itm_long_axe|破 山 战 斧
itm_long_axe_pl|破 山 战 斧
itm_long_axe_alt|破 山 战 斧
itm_long_axe_alt_pl|破 山 战 斧
itm_long_axe_b|破 山 战 斧
itm_long_axe_b_pl|破 山 战 斧
itm_long_axe_b_alt|破 山 战 斧
itm_long_axe_b_alt_pl|破 山 战 斧
itm_long_axe_c|破 山 战 斧
itm_long_axe_c_pl|破 山 战 斧
itm_long_axe_c_alt|破 山 战 斧
itm_long_axe_c_alt_pl|破 山 战 斧
itm_bardiche|月 刃 斧
itm_bardiche_pl|月 刃 斧
itm_great_bardiche|巨 型 月 刃 斧
itm_great_bardiche_pl|巨 型 月 刃 斧
itm_long_bardiche|长 月 刃 斧
itm_long_bardiche_pl|长 月 刃 斧
itm_great_long_bardiche|巨 型 长 月 刃 斧
itm_great_long_bardiche_pl|巨 型 长 月 刃 斧
itm_hafted_blade_b|制 式 法 剑
itm_hafted_blade_b_pl|制 式 法 剑
itm_hafted_blade_a|制 式 法 剑
itm_hafted_blade_a_pl|制 式 法 剑
itm_shortened_military_scythe|短 柄 军 用 镰
itm_shortened_military_scythe_pl|短 柄 军 用 镰
itm_sword_medieval_a|制 式 法 剑
itm_sword_medieval_a_pl|制 式 法 剑
itm_sword_medieval_b|制 式 法 剑
itm_sword_medieval_b_pl|制 式 法 剑
itm_sword_medieval_b_small|制 式 法 剑
itm_sword_medieval_b_small_pl|制 式 法 剑
itm_sword_medieval_c|制 式 法 剑
itm_sword_medieval_c_pl|制 式 法 剑
itm_sword_medieval_c_small|制 式 法 剑
itm_sword_medieval_c_small_pl|制 式 法 剑
itm_sword_medieval_c_long|制 式 法 剑
itm_sword_medieval_c_long_pl|制 式 法 剑
itm_sword_medieval_d_long|制 式 法 剑
itm_sword_medieval_d_long_pl|制 式 法 剑
itm_sword_viking_1|制 式 法 剑
itm_sword_viking_1_pl|制 式 法 剑
itm_sword_viking_2|制 式 法 剑
itm_sword_viking_2_pl|制 式 法 剑
itm_sword_viking_2_small|制 式 法 剑
itm_sword_viking_2_small_pl|制 式 法 剑
itm_sword_viking_3|制 式 法 剑
itm_sword_viking_3_pl|制 式 法 剑
itm_sword_viking_3_small|制 式 法 剑
itm_sword_viking_3_small_pl|制 式 法 剑
itm_sword_khergit_1|制 式 法 剑
itm_sword_khergit_1_pl|制 式 法 剑
itm_sword_khergit_2|制 式 法 剑
itm_sword_khergit_2_pl|制 式 法 剑
itm_sword_khergit_3|制 式 法 剑
itm_sword_khergit_3_pl|制 式 法 剑
itm_sword_khergit_4|制 式 法 剑
itm_sword_khergit_4_pl|制 式 法 剑
itm_mace_1|镇 山 钝 器
itm_mace_1_pl|镇 山 钝 器
itm_mace_2|镇 山 钝 器
itm_mace_2_pl|镇 山 钝 器
itm_mace_3|镇 山 钝 器
itm_mace_3_pl|镇 山 钝 器
itm_mace_4|镇 山 钝 器
itm_mace_4_pl|镇 山 钝 器
itm_club_with_spike_head|破 阵 长 兵
itm_club_with_spike_head_pl|破 阵 长 兵
itm_long_spiked_club|破 阵 长 兵
itm_long_spiked_club_pl|破 阵 长 兵
itm_long_hafted_knobbed_mace|镇 山 钝 器
itm_long_hafted_knobbed_mace_pl|镇 山 钝 器
itm_long_hafted_spiked_mace|破 阵 长 兵
itm_long_hafted_spiked_mace_pl|破 阵 长 兵
itm_sarranid_two_handed_mace_1|镇 山 钝 器
itm_sarranid_two_handed_mace_1_pl|镇 山 钝 器
itm_sarranid_mace_1|镇 山 钝 器
itm_sarranid_mace_1_pl|镇 山 钝 器
itm_sarranid_axe_a|破 山 战 斧
itm_sarranid_axe_a_pl|破 山 战 斧
itm_sarranid_axe_b|破 山 战 斧
itm_sarranid_axe_b_pl|破 山 战 斧
itm_sarranid_two_handed_axe_a|破 山 战 斧
itm_sarranid_two_handed_axe_a_pl|破 山 战 斧
itm_sarranid_two_handed_axe_b|破 山 战 斧
itm_sarranid_two_handed_axe_b_pl|破 山 战 斧
itm_scythe|长 柄 镰 刀
itm_scythe_pl|长 柄 镰 刀
itm_pitch_fork|耙 子
itm_pitch_fork_pl|耙 子
itm_military_fork|破 阵 长 兵
itm_military_fork_pl|破 阵 长 兵
itm_battle_fork|战 斗 叉
itm_battle_fork_pl|战 斗 叉
itm_boar_spear|破 阵 长 兵
itm_boar_spear_pl|破 阵 长 兵
itm_jousting_lance|破 阵 长 兵
itm_jousting_lance_pl|破 阵 长 兵
itm_double_sided_lance|破 阵 长 兵
itm_double_sided_lance_pl|破 阵 长 兵
itm_glaive|破 阵 长 兵
itm_glaive_pl|破 阵 长 兵
itm_poleaxe|破 山 战 斧
itm_poleaxe_pl|破 山 战 斧
itm_polehammer|镇 山 钝 器
itm_polehammer_pl|镇 山 钝 器
itm_staff|破 阵 长 兵
itm_staff_pl|破 阵 长 兵
itm_quarter_staff|破 阵 长 兵
itm_quarter_staff_pl|破 阵 长 兵
itm_iron_staff|破 阵 长 兵
itm_iron_staff_pl|破 阵 长 兵
itm_shortened_spear|破 阵 长 兵
itm_shortened_spear_pl|破 阵 长 兵
itm_spear|破 阵 长 兵
itm_spear_pl|破 阵 长 兵
itm_bamboo_spear|破 阵 长 兵
itm_bamboo_spear_pl|破 阵 长 兵
itm_war_spear|破 阵 长 兵
itm_war_spear_pl|破 阵 长 兵
itm_military_scythe|军 用 镰
itm_military_scythe_pl|军 用 镰
itm_light_lance|破 阵 长 兵
itm_light_lance_pl|破 阵 长 兵
itm_lance|破 阵 长 兵
itm_lance_pl|破 阵 长 兵
itm_heavy_lance|破 阵 长 兵
itm_heavy_lance_pl|破 阵 长 兵
itm_great_lance|破 阵 长 兵
itm_great_lance_pl|破 阵 长 兵
itm_pike|破 阵 长 兵
itm_pike_pl|破 阵 长 兵
itm_ashwood_pike|破 阵 长 兵
itm_ashwood_pike_pl|破 阵 长 兵
itm_awlpike|破 阵 长 兵
itm_awlpike_pl|破 阵 长 兵
itm_awlpike_long|破 阵 长 兵
itm_awlpike_long_pl|破 阵 长 兵
itm_bec_de_corbin_a|战 锤
itm_bec_de_corbin_a_pl|战 锤
itm_wooden_shield|护 身 法 盾
itm_wooden_shield_pl|护 身 法 盾
itm_nordic_shield|护 身 法 盾
itm_nordic_shield_pl|护 身 法 盾
itm_fur_covered_shield|护 身 法 盾
itm_fur_covered_shield_pl|护 身 法 盾
itm_steel_shield|护 身 法 盾
itm_steel_shield_pl|护 身 法 盾
itm_plate_covered_round_shield|护 身 法 盾
itm_plate_covered_round_shield_pl|护 身 法 盾
itm_leather_covered_round_shield|护 身 法 盾
itm_leather_covered_round_shield_pl|护 身 法 盾
itm_hide_covered_round_shield|护 身 法 盾
itm_hide_covered_round_shield_pl|护 身 法 盾
itm_shield_heater_c|护 身 法 盾
itm_shield_heater_c_pl|护 身 法 盾
itm_norman_shield_1|护 身 法 盾
itm_norman_shield_1_pl|护 身 法 盾
itm_norman_shield_2|护 身 法 盾
itm_norman_shield_2_pl|护 身 法 盾
itm_norman_shield_3|护 身 法 盾
itm_norman_shield_3_pl|护 身 法 盾
itm_norman_shield_4|护 身 法 盾
itm_norman_shield_4_pl|护 身 法 盾
itm_norman_shield_5|护 身 法 盾
itm_norman_shield_5_pl|护 身 法 盾
itm_norman_shield_6|护 身 法 盾
itm_norman_shield_6_pl|护 身 法 盾
itm_norman_shield_7|护 身 法 盾
itm_norman_shield_7_pl|护 身 法 盾
itm_norman_shield_8|护 身 法 盾
itm_norman_shield_8_pl|护 身 法 盾
itm_tab_shield_round_a|护 身 法 盾
itm_tab_shield_round_a_pl|护 身 法 盾
itm_tab_shield_round_b|护 身 法 盾
itm_tab_shield_round_b_pl|护 身 法 盾
itm_tab_shield_round_c|护 身 法 盾
itm_tab_shield_round_c_pl|护 身 法 盾
itm_tab_shield_round_d|护 身 法 盾
itm_tab_shield_round_d_pl|护 身 法 盾
itm_tab_shield_round_e|护 身 法 盾
itm_tab_shield_round_e_pl|护 身 法 盾
itm_tab_shield_kite_a|护 身 法 盾
itm_tab_shield_kite_a_pl|护 身 法 盾
itm_tab_shield_kite_b|护 身 法 盾
itm_tab_shield_kite_b_pl|护 身 法 盾
itm_tab_shield_kite_c|护 身 法 盾
itm_tab_shield_kite_c_pl|护 身 法 盾
itm_tab_shield_kite_d|护 身 法 盾
itm_tab_shield_kite_d_pl|护 身 法 盾
itm_tab_shield_kite_cav_a|护 身 法 盾
itm_tab_shield_kite_cav_a_pl|护 身 法 盾
itm_tab_shield_kite_cav_b|护 身 法 盾
itm_tab_shield_kite_cav_b_pl|护 身 法 盾
itm_tab_shield_heater_a|护 身 法 盾
itm_tab_shield_heater_a_pl|护 身 法 盾
itm_tab_shield_heater_b|护 身 法 盾
itm_tab_shield_heater_b_pl|护 身 法 盾
itm_tab_shield_heater_c|护 身 法 盾
itm_tab_shield_heater_c_pl|护 身 法 盾
itm_tab_shield_heater_d|护 身 法 盾
itm_tab_shield_heater_d_pl|护 身 法 盾
itm_tab_shield_heater_cav_a|护 身 法 盾
itm_tab_shield_heater_cav_a_pl|护 身 法 盾
itm_tab_shield_heater_cav_b|护 身 法 盾
itm_tab_shield_heater_cav_b_pl|护 身 法 盾
itm_tab_shield_pavise_a|护 身 法 盾
itm_tab_shield_pavise_a_pl|护 身 法 盾
itm_tab_shield_pavise_b|护 身 法 盾
itm_tab_shield_pavise_b_pl|护 身 法 盾
itm_tab_shield_pavise_c|护 身 法 盾
itm_tab_shield_pavise_c_pl|护 身 法 盾
itm_tab_shield_pavise_d|护 身 法 盾
itm_tab_shield_pavise_d_pl|护 身 法 盾
itm_tab_shield_small_round_a|护 身 法 盾
itm_tab_shield_small_round_a_pl|护 身 法 盾
itm_tab_shield_small_round_b|护 身 法 盾
itm_tab_shield_small_round_b_pl|护 身 法 盾
itm_tab_shield_small_round_c|护 身 法 盾
itm_tab_shield_small_round_c_pl|护 身 法 盾
itm_darts|飞 符 投 刃
itm_darts_pl|飞 符 投 刃
itm_war_darts|飞 符 投 刃
itm_war_darts_pl|飞 符 投 刃
itm_javelin|飞 符 投 刃
itm_javelin_pl|飞 符 投 刃
itm_javelin_melee|飞 符 投 刃
itm_javelin_melee_pl|飞 符 投 刃
itm_throwing_spears|破 阵 长 兵
itm_throwing_spears_pl|破 阵 长 兵
itm_throwing_spear_melee|破 阵 长 兵
itm_throwing_spear_melee_pl|破 阵 长 兵
itm_jarid|飞 符 投 刃
itm_jarid_pl|飞 符 投 刃
itm_jarid_melee|飞 符 投 刃
itm_jarid_melee_pl|飞 符 投 刃
itm_stones|石 子
itm_stones_pl|石 子
itm_throwing_knives|飞 符 投 刃
itm_throwing_knives_pl|飞 符 投 刃
itm_throwing_daggers|制 式 法 剑
itm_throwing_daggers_pl|制 式 法 剑
itm_light_throwing_axes|破 山 战 斧
itm_light_throwing_axes_pl|破 山 战 斧
itm_light_throwing_axes_melee|破 山 战 斧
itm_light_throwing_axes_melee_pl|破 山 战 斧
itm_throwing_axes|破 山 战 斧
itm_throwing_axes_pl|破 山 战 斧
itm_throwing_axes_melee|破 山 战 斧
itm_throwing_axes_melee_pl|破 山 战 斧
itm_heavy_throwing_axes|破 山 战 斧
itm_heavy_throwing_axes_pl|破 山 战 斧
itm_heavy_throwing_axes_melee|破 山 战 斧
itm_heavy_throwing_axes_melee_pl|破 山 战 斧
itm_hunting_bow|灵 木 弓
itm_hunting_bow_pl|灵 木 弓
itm_short_bow|灵 木 弓
itm_short_bow_pl|灵 木 弓
itm_nomad_bow|灵 木 弓
itm_nomad_bow_pl|灵 木 弓
itm_long_bow|灵 木 弓
itm_long_bow_pl|灵 木 弓
itm_khergit_bow|灵 木 弓
itm_khergit_bow_pl|灵 木 弓
itm_strong_bow|灵 木 弓
itm_strong_bow_pl|灵 木 弓
itm_war_bow|灵 木 弓
itm_war_bow_pl|灵 木 弓
itm_hunting_crossbow|机 括 灵 弩
itm_hunting_crossbow_pl|机 括 灵 弩
itm_light_crossbow|机 括 灵 弩
itm_light_crossbow_pl|机 括 灵 弩
itm_crossbow|机 括 灵 弩
itm_crossbow_pl|机 括 灵 弩
itm_heavy_crossbow|机 括 灵 弩
itm_heavy_crossbow_pl|机 括 灵 弩
itm_sniper_crossbow|机 括 灵 弩
itm_sniper_crossbow_pl|机 括 灵 弩
itm_flintlock_pistol|燧 石 发 火 手 枪
itm_flintlock_pistol_pl|燧 石 发 火 手 枪
itm_torch|火 把
itm_torch_pl|火 把
itm_lyre|里 拉 琴
itm_lyre_pl|里 拉 琴
itm_lute|鲁 特 琴
itm_lute_pl|鲁 特 琴
itm_strange_armor|护 身 灵 甲
itm_strange_armor_pl|护 身 灵 甲
itm_strange_boots|行 云 战 靴
itm_strange_boots_pl|行 云 战 靴
itm_strange_helmet|护 法 冠
itm_strange_helmet_pl|护 法 冠
itm_strange_sword|制 式 法 剑
itm_strange_sword_pl|制 式 法 剑
itm_strange_great_sword|制 式 法 剑
itm_strange_great_sword_pl|制 式 法 剑
itm_strange_short_sword|制 式 法 剑
itm_strange_short_sword_pl|制 式 法 剑
itm_court_dress|修 士 行 袍
itm_court_dress_pl|修 士 行 袍
itm_rich_outfit|修 士 行 袍
itm_rich_outfit_pl|修 士 行 袍
itm_khergit_guard_armor|护 身 灵 甲
itm_khergit_guard_armor_pl|护 身 灵 甲
itm_felt_steppe_cap|护 法 冠
itm_felt_steppe_cap_pl|护 法 冠
itm_khergit_war_helmet|护 法 冠
itm_khergit_war_helmet_pl|护 法 冠
itm_khergit_helmet|护 法 冠
itm_khergit_helmet_pl|护 法 冠
itm_khergit_guard_boots|行 云 战 靴
itm_khergit_guard_boots_pl|行 云 战 靴
itm_khergit_guard_helmet|护 法 冠
itm_khergit_guard_helmet_pl|护 法 冠
itm_khergit_cavalry_helmet|护 法 冠
itm_khergit_cavalry_helmet_pl|护 法 冠
itm_black_hood|护 法 冠
itm_black_hood_pl|护 法 冠
itm_light_leather|轻 皮 甲
itm_light_leather_pl|轻 皮 甲
itm_light_leather_boots|行 云 战 靴
itm_light_leather_boots_pl|行 云 战 靴
itm_mail_and_plate|玄 铁 战 甲
itm_mail_and_plate_pl|玄 铁 战 甲
itm_light_mail_and_plate|玄 铁 战 甲
itm_light_mail_and_plate_pl|玄 铁 战 甲
itm_byzantion_helmet_a|护 法 冠
itm_byzantion_helmet_a_pl|护 法 冠
itm_magyar_helmet_a|护 法 冠
itm_magyar_helmet_a_pl|护 法 冠
itm_rus_helmet_a|护 法 冠
itm_rus_helmet_a_pl|护 法 冠
itm_sipahi_helmet_a|护 法 冠
itm_sipahi_helmet_a_pl|护 法 冠
itm_shahi|萨 希
itm_shahi_pl|萨 希
itm_rabati|拉 巴 特
itm_rabati_pl|拉 巴 特
itm_tunic_with_green_cape|护 法 冠
itm_tunic_with_green_cape_pl|护 法 冠
itm_keys|钥 匙 串
itm_keys_pl|钥 匙 串
itm_bride_dress|修 士 行 袍
itm_bride_dress_pl|修 士 行 袍
itm_bride_crown|花 冠
itm_bride_crown_pl|花 冠
itm_bride_shoes|行 云 战 靴
itm_bride_shoes_pl|行 云 战 靴
itm_practice_bow_2|灵 木 弓
itm_practice_bow_2_pl|灵 木 弓
itm_practice_arrows_2|符 羽 箭
itm_practice_arrows_2_pl|符 羽 箭
itm_plate_boots|行 云 战 靴
itm_plate_boots_pl|行 云 战 靴
itm_mail_boots_for_tableau|行 云 战 靴
itm_mail_boots_for_tableau_pl|行 云 战 靴
itm_warhorse_sarranid|披 甲 战 马
itm_warhorse_sarranid_pl|披 甲 战 马
itm_warhorse_steppe|披 甲 战 马
itm_warhorse_steppe_pl|披 甲 战 马
itm_items_end|Items End 
itm_items_end_pl|Items End 
itm_yc_book_sword_sutra|《 青 云 剑 经 》
itm_yc_book_sword_sutra_pl|《 青 云 剑 经 》
itm_yc_book_wangqi|《 望 气 杂 录 》
itm_yc_book_wangqi_pl|《 望 气 杂 录 》
itm_yc_book_array|《 器 道 入 门 》
itm_yc_book_array_pl|《 器 道 入 门 》
itm_yc_book_body|《 血 祭 魔 典 》
itm_yc_book_body_pl|《 血 祭 魔 典 》
itm_yc_book_soul|《 灵 符 秘 录 》
itm_yc_book_soul_pl|《 灵 符 秘 录 》
itm_yc_book_alchemy|《 天 工 丹 经 》
itm_yc_book_alchemy_pl|《 天 工 丹 经 》
itm_yc_book_mixed|《 万 法 归 宗 》
itm_yc_book_mixed_pl|《 万 法 归 宗 》
itm_yc_book_command|《 役 灵 军 阵 》
itm_yc_book_command_pl|《 役 灵 军 阵 》
itm_yc_peiyu_dan|培 元 丹
itm_yc_peiyu_dan_pl|培 元 丹
itm_yc_juki_dan|聚 气 丹
itm_yc_juki_dan_pl|聚 气 丹
itm_yc_tupo_dan|突 破 辅 助 丹
itm_yc_tupo_dan_pl|突 破 辅 助 丹
itm_yc_baoyuan_dan|保 元 丹
itm_yc_baoyuan_dan_pl|保 元 丹
itm_yc_juyun_dan|聚 运 丹
itm_yc_juyun_dan_pl|聚 运 丹
itm_yc_bigou_dan|辟 谷 丹
itm_yc_bigou_dan_pl|辟 谷 丹
itm_yc_qizhuan_dan|七 转 金 丹
itm_yc_qizhuan_dan_pl|七 转 金 丹
itm_yc_lingshi|灵 石
itm_yc_lingshi_pl|灵 石
itm_yc_lingshi_high|上 品 灵 石
itm_yc_lingshi_high_pl|上 品 灵 石
itm_yc_yaodang|妖 丹
itm_yc_yaodang_pl|妖 丹
itm_yc_qiyun_crystal|气 运 结 晶
itm_yc_qiyun_crystal_pl|气 运 结 晶
itm_yc_lingzhu|灵 珠
itm_yc_lingzhu_pl|灵 珠
itm_yc_qingyun_token|青 云 令 牌
itm_yc_qingyun_token_pl|青 云 令 牌
itm_yc_taiyi_token|太 一 令 牌
itm_yc_taiyi_token_pl|太 一 令 牌
itm_yc_jade_transmission|传 承 玉 简
itm_yc_jade_transmission_pl|传 承 玉 简
itm_yc_baishuang_sword|白 霜 的 飞 剑
itm_yc_baishuang_sword_pl|白 霜 的 飞 剑
itm_yc_zongmen_horse|宗 门 战 马
itm_yc_zongmen_horse_pl|宗 门 战 马
itm_yc_chitu_horse|赤 兔 名 驹
itm_yc_chitu_horse_pl|赤 兔 名 驹
itm_yc_tianzhao_horse|天 照 神 骑
itm_yc_tianzhao_horse_pl|天 照 神 骑
itm_yc_sect_robe_outer|宗 门 道 袍 · 外 门
itm_yc_sect_robe_outer_pl|宗 门 道 袍 · 外 门
itm_yc_sect_robe_inner|宗 门 道 袍 · 内 门
itm_yc_sect_robe_inner_pl|宗 门 道 袍 · 内 门
itm_yc_sect_robe_true|宗 门 道 袍 · 真 传
itm_yc_sect_robe_true_pl|宗 门 道 袍 · 真 传
itm_yc_elder_robe|宗 门 道 袍 · 长 老
itm_yc_elder_robe_pl|宗 门 道 袍 · 长 老
itm_yc_female_hanfu|汉 式 女 修 服
itm_yc_female_hanfu_pl|汉 式 女 修 服
itm_yc_imperial_armor|皇 庭 禁 卫 铠
itm_yc_imperial_armor_pl|皇 庭 禁 卫 铠
itm_yc_sect_boots|宗 门 战 靴
itm_yc_sect_boots_pl|宗 门 战 靴
itm_heraldic_mail_with_surcoat_for_tableau|玄 铁 战 甲
itm_heraldic_mail_with_surcoat_for_tableau_pl|玄 铁 战 甲
itm_javelin_bow|灵 木 弓
itm_javelin_bow_pl|灵 木 弓
itm_knockdown_mace|镇 山 钝 器
itm_knockdown_mace_pl|镇 山 钝 器
itm_blood_drain_throwing_knives|飞 符 投 刃
itm_blood_drain_throwing_knives_pl|飞 符 投 刃
itm_doom_javelins|飞 符 投 刃
itm_doom_javelins_pl|飞 符 投 刃
itm_disarming_throwing_axe|破 山 战 斧
itm_disarming_throwing_axe_pl|破 山 战 斧
itm_instakill_knife|制 式 法 剑
itm_instakill_knife_pl|制 式 法 剑
itm_weak_beserker_dart|飞 符 投 刃
itm_weak_beserker_dart_pl|飞 符 投 刃
itm_team_change_dart|飞 符 投 刃
itm_team_change_dart_pl|飞 符 投 刃
itm_awesome_spear|破 阵 长 兵
itm_awesome_spear_pl|破 阵 长 兵
itm_running_boots|行 云 战 靴
itm_running_boots_pl|行 云 战 靴
itm_power_gloves|护 腕 手 甲
itm_power_gloves_pl|护 腕 手 甲
itm_invulnerable_helmet|护 法 冠
itm_invulnerable_helmet_pl|护 法 冠
itm_kicking_boots|行 云 战 靴
itm_kicking_boots_pl|行 云 战 靴
itm_restore_health_armour|护 身 灵 甲
itm_restore_health_armour_pl|护 身 灵 甲
itm_javelin_bow_ammo|灵 木 弓
itm_javelin_bow_ammo_pl|灵 木 弓
itm_yc_taiyi_robe|太 一 法 袍
itm_yc_taiyi_robe_pl|太 一 法 袍
itm_yc_daozi_robe|道 子 玄 袍
itm_yc_daozi_robe_pl|道 子 玄 袍
itm_yc_sanxiu_robe|散 修 行 袍
itm_yc_sanxiu_robe_pl|散 修 行 袍
itm_yc_tianmo_armor|天 魔 玄 铁 甲
itm_yc_tianmo_armor_pl|天 魔 玄 铁 甲
itm_yc_shoujie_armor|守 劫 玄 甲
itm_yc_shoujie_armor_pl|守 劫 玄 甲
itm_yc_nanhuang_armor|南 荒 兽 纹 甲
itm_yc_nanhuang_armor_pl|南 荒 兽 纹 甲
itm_yc_ming_official_robe|人 皇 庭 官 服
itm_yc_ming_official_robe_pl|人 皇 庭 官 服
itm_yc_spell_sword_qi|剑 气 符
itm_yc_spell_sword_qi_pl|剑 气 符
itm_yc_spell_fire_talisman|爆 炎 符
itm_yc_spell_fire_talisman_pl|爆 炎 符
itm_yc_spell_ice_spike|寒 魄 冰 锥
itm_yc_spell_ice_spike_pl|寒 魄 冰 锥
itm_yc_spell_thunder_seal|惊 雷 印
itm_yc_spell_thunder_seal_pl|惊 雷 印
itm_yc_imperial_helmet|皇 庭 将 盔
itm_yc_imperial_helmet_pl|皇 庭 将 盔
itm_yc_mengmeizi_armor|灵 秀 女 将 甲
itm_yc_mengmeizi_armor_pl|灵 秀 女 将 甲
itm_yc_white_lion_mount|南 荒 白 狮 灵 骑
itm_yc_white_lion_mount_pl|南 荒 白 狮 灵 骑
itm_yc_zhaoyun_armor|云 川 飞 将 甲
itm_yc_zhaoyun_armor_pl|云 川 飞 将 甲
itm_yc_xiling_dan|洗 灵 丹
itm_yc_xiling_dan_pl|洗 灵 丹
itm_yc_bigu_wan|辟 谷 丸
itm_yc_bigu_wan_pl|辟 谷 丸
itm_yc_ganliang|干 粮
itm_yc_ganliang_pl|干 粮
itm_yc_lingcha|灵 茶
itm_yc_lingcha_pl|灵 茶
itm_yc_linggu|灵 谷
itm_yc_linggu_pl|灵 谷
itm_yc_lingguo|灵 果
itm_yc_lingguo_pl|灵 果
itm_yc_lingmai_bing|灵 麦 饼
itm_yc_lingmai_bing_pl|灵 麦 饼
itm_yc_lingmi|灵 米
itm_yc_lingmi_honey|灵 蜜
itm_yc_lingmi_honey_pl|灵 蜜
itm_yc_lingmi_pl|灵 米
itm_yc_shanquan_shui|山 泉 水
itm_yc_shanquan_shui_pl|山 泉 水
itm_yc_yaoshan|药 膳
itm_yc_yaoshan_pl|药 膳
itm_yc_yaoshou_jingrou|妖 兽 精 肉
itm_yc_yaoshou_jingrou_pl|妖 兽 精 肉
itm_yc_yaoshou_rou|妖 兽 肉
itm_yc_yaoshou_rou_pl|妖 兽 肉
itm_yc_fapao_qing|青 云 法 袍
itm_yc_fapao_qing_pl|青 云 法 袍
itm_yc_fapao_qing2|青 云 真 传 法 袍
itm_yc_fapao_qing2_pl|青 云 真 传 法 袍
itm_yc_fapao_hei|玄 冥 法 袍
itm_yc_fapao_hei_pl|玄 冥 法 袍
itm_yc_fapao_hei2|天 魔 法 袍
itm_yc_fapao_hei2_pl|天 魔 法 袍
itm_yc_fapao_lv|丹 青 法 袍
itm_yc_fapao_lv_pl|丹 青 法 袍
itm_yc_fapao_bai|素 雪 法 袍
itm_yc_fapao_bai_pl|素 雪 法 袍
itm_yc_fapao_zi|紫 霄 法 袍
itm_yc_fapao_zi_pl|紫 霄 法 袍
itm_yc_daopao_ai_qingyu|青 玉 灵 纹 道 袍
itm_yc_daopao_ai_qingyu_pl|青 玉 灵 纹 道 袍
itm_yc_daopao_ai_xingzi|星 紫 符 纹 道 袍
itm_yc_daopao_ai_xingzi_pl|星 紫 符 纹 道 袍
itm_yc_daopao_ai_xuanjin|玄 金 星 纹 道 袍
itm_yc_daopao_ai_xuanjin_pl|玄 金 星 纹 道 袍
itm_yc_daopao_ai_yuebai|月 白 云 纹 道 袍
itm_yc_daopao_ai_yuebai_pl|月 白 云 纹 道 袍
itm_yc_shield_01_wooden_round|木 胎 灵 纹 圆 盾
itm_yc_shield_01_wooden_round_pl|木 胎 灵 纹 圆 盾
itm_yc_shield_02_nordic_round|北 玄 符 纹 圆 盾
itm_yc_shield_02_nordic_round_pl|北 玄 符 纹 圆 盾
itm_yc_shield_03_hide_round|兽 皮 护 身 圆 盾
itm_yc_shield_03_hide_round_pl|兽 皮 护 身 圆 盾
itm_yc_shield_04_leather_round|革 面 聚 灵 圆 盾
itm_yc_shield_04_leather_round_pl|革 面 聚 灵 圆 盾
itm_yc_shield_05_plate_round|镶 铁 镇 灵 圆 盾
itm_yc_shield_05_plate_round_pl|镶 铁 镇 灵 圆 盾
itm_yc_shield_06_fur_kite|兽 纹 长 护 盾
itm_yc_shield_06_fur_kite_pl|兽 纹 长 护 盾
itm_yc_shield_07_heater|符 纹 骑 盾
itm_yc_shield_07_heater_pl|符 纹 骑 盾
itm_yc_shield_08_tableau_old_round|旧 式 法 纹 圆 盾
itm_yc_shield_08_tableau_old_round_pl|旧 式 法 纹 圆 盾
itm_yc_shield_09_tableau_plain_round|素 面 法 纹 圆 盾
itm_yc_shield_09_tableau_plain_round_pl|素 面 法 纹 圆 盾
itm_yc_shield_10_tableau_pavise|符 阵 大 盾
itm_yc_shield_10_tableau_pavise_pl|符 阵 大 盾
itm_yc_arrow_chiyan_fujian|赤 焰 符 箭
itm_yc_arrow_chiyan_fujian_pl|赤 焰 符 箭
itm_yc_arrow_lianxi_fujian|练 习 符 箭
itm_yc_arrow_lianxi_fujian_pl|练 习 符 箭
itm_yc_arrow_lingwen_jian|灵 纹 箭
itm_yc_arrow_lingwen_jian_pl|灵 纹 箭
itm_yc_arrow_pojia_jian|破 甲 箭
itm_yc_arrow_pojia_jian_pl|破 甲 箭
itm_yc_arrow_zhuyu_jian|竹 羽 灵 箭
itm_yc_arrow_zhuyu_jian_pl|竹 羽 灵 箭
itm_yc_bolt_jiguan_nushi|机 关 弩 矢
itm_yc_bolt_jiguan_nushi_pl|机 关 弩 矢
itm_yc_bolt_puling_nushi|破 灵 弩 矢
itm_yc_bolt_puling_nushi_pl|破 灵 弩 矢
itm_yc_bolt_xuantie_nushi|玄 铁 弩 矢
itm_yc_bolt_xuantie_nushi_pl|玄 铁 弩 矢
itm_yc_boots_ankle|行 脚 短 靴
itm_yc_boots_ankle_pl|行 脚 短 靴
itm_yc_boots_black_greaves|玄 铁 护 胫
itm_yc_boots_black_greaves_pl|玄 铁 护 胫
itm_yc_boots_blue_hose|蓝 布 长 袜
itm_yc_boots_blue_hose_pl|蓝 布 长 袜
itm_yc_boots_bride_shoes|绣 纹 礼 鞋
itm_yc_boots_bride_shoes_pl|绣 纹 礼 鞋
itm_yc_boots_hide|兽 皮 靴
itm_yc_boots_hide_pl|兽 皮 靴
itm_yc_boots_hunter|猎 户 短 靴
itm_yc_boots_hunter_pl|猎 户 短 靴
itm_yc_boots_iron_greaves|铁 护 胫
itm_yc_boots_iron_greaves_pl|铁 护 胫
itm_yc_boots_khergit_leather|北 玄 皮 靴
itm_yc_boots_khergit_leather_pl|北 玄 皮 靴
itm_yc_boots_lamellar|札 甲 战 靴
itm_yc_boots_lamellar_pl|札 甲 战 靴
itm_yc_boots_leather|皮 制 战 靴
itm_yc_boots_leather_greaves|皮 面 护 胫
itm_yc_boots_leather_greaves_pl|皮 面 护 胫
itm_yc_boots_leather_pl|皮 制 战 靴
itm_yc_boots_light_leather|轻 皮 战 靴
itm_yc_boots_light_leather_pl|轻 皮 战 靴
itm_yc_boots_mail|锁 甲 战 靴
itm_yc_boots_mail_chausses|锁 甲 护 胫
itm_yc_boots_mail_chausses_pl|锁 甲 护 胫
itm_yc_boots_mail_pl|锁 甲 战 靴
itm_yc_boots_nomad|游 牧 战 靴
itm_yc_boots_nomad_alt|游 牧 战 靴 二 式
itm_yc_boots_nomad_alt_pl|游 牧 战 靴 二 式
itm_yc_boots_nomad_pl|游 牧 战 靴
itm_yc_boots_plate|板 甲 战 靴
itm_yc_boots_plate_pl|板 甲 战 靴
itm_yc_boots_samurai|东 海 战 靴
itm_yc_boots_samurai_pl|东 海 战 靴
itm_yc_boots_sarranid|沙 洲 皮 靴
itm_yc_boots_sarranid_camel|沙 洲 镶 甲 靴
itm_yc_boots_sarranid_camel_pl|沙 洲 镶 甲 靴
itm_yc_boots_sarranid_mail|沙 洲 锁 甲 靴
itm_yc_boots_sarranid_mail_pl|沙 洲 锁 甲 靴
itm_yc_boots_sarranid_pl|沙 洲 皮 靴
itm_yc_boots_sarranid_shoes|沙 洲 软 鞋
itm_yc_boots_sarranid_shoes_pl|沙 洲 软 鞋
itm_yc_boots_splinted_greaves|镶 板 护 胫
itm_yc_boots_splinted_greaves_pl|镶 板 护 胫
itm_yc_boots_woolen_hose|粗 布 长 袜
itm_yc_boots_woolen_hose_pl|粗 布 长 袜
itm_yc_boots_wrapping|缠 布 短 靴
itm_yc_boots_wrapping_pl|缠 布 短 靴
itm_yc_bow_chiyu_linggong|赤 羽 灵 弓
itm_yc_bow_chiyu_linggong_pl|赤 羽 灵 弓
itm_yc_bow_dongfang_fugong|东 方 符 弓
itm_yc_bow_dongfang_fugong_pl|东 方 符 弓
itm_yc_bow_leiwen_fagong|雷 纹 法 弓
itm_yc_bow_leiwen_fagong_pl|雷 纹 法 弓
itm_yc_bow_qingmu_changgong|青 木 长 弓
itm_yc_bow_qingmu_changgong_pl|青 木 长 弓
itm_yc_bow_xuantie_qianggong|玄 铁 强 弓
itm_yc_bow_xuantie_qianggong_pl|玄 铁 强 弓
itm_yc_bow_yaojin_zhangong|耀 金 战 弓
itm_yc_bow_yaojin_zhangong_pl|耀 金 战 弓
itm_yc_bow_zhumu_duangong|竹 木 短 弓
itm_yc_bow_zhumu_duangong_pl|竹 木 短 弓
itm_yc_bow_zhumu_liegong|竹 木 猎 弓
itm_yc_bow_zhumu_liegong_pl|竹 木 猎 弓
itm_yc_crossbow_jiguannu|机 关 连 弩
itm_yc_crossbow_jiguannu_pl|机 关 连 弩
itm_yc_crossbow_leihuo_funu|雷 火 符 弩
itm_yc_crossbow_leihuo_funu_pl|雷 火 符 弩
itm_yc_crossbow_puling_funu|破 灵 符 弩
itm_yc_crossbow_puling_funu_pl|破 灵 符 弩
itm_yc_crossbow_qingjinu|轻 机 弩
itm_yc_crossbow_qingjinu_pl|轻 机 弩
itm_yc_crossbow_xuantie_zhongnu|玄 铁 重 弩
itm_yc_crossbow_xuantie_zhongnu_pl|玄 铁 重 弩
itm_yc_crossbow_zhenmo_zhongnu|镇 魔 重 弩
itm_yc_crossbow_zhenmo_zhongnu_pl|镇 魔 重 弩
itm_yc_gloves_gauntlets|重 型 铁 护 手
itm_yc_gloves_gauntlets_pl|重 型 铁 护 手
itm_yc_gloves_leather|皮 制 手 套
itm_yc_gloves_leather_pl|皮 制 手 套
itm_yc_gloves_mail_mittens|锁 甲 护 手
itm_yc_gloves_mail_mittens_pl|锁 甲 护 手
itm_yc_gloves_scale_a|鳞 甲 护 手 甲 式
itm_yc_gloves_scale_a_pl|鳞 甲 护 手 甲 式
itm_yc_gloves_scale_b|鳞 甲 护 手 乙 式
itm_yc_gloves_scale_b_pl|鳞 甲 护 手 乙 式
